nohup: ignoring input
===== E7 START =====
Thu Oct  8 09:35:57 PM IST 2026
2026-10-08 21:36:01 | INFO     | utils | Logging to logs/e7.log
2026-10-08 21:36:01 | INFO     | __main__ | ══════════════════════════════════════════════════════════════
2026-10-08 21:36:01 | INFO     | __main__ |   CoRD-Net — E6 + Relational Token Coupling
2026-10-08 21:36:01 | INFO     | __main__ |   Experiment  : E7
2026-10-08 21:36:01 | INFO     | __main__ |   Device      : cuda
2026-10-08 21:36:01 | INFO     | __main__ |   Epochs      : 60
2026-10-08 21:36:01 | INFO     | __main__ |   Batch size  : 8
2026-10-08 21:36:01 | INFO     | __main__ |   Loss type   : weighted_ce
2026-10-08 21:36:01 | INFO     | __main__ |   Sampler     : none
2026-10-08 21:36:01 | INFO     | __main__ |   SWA         : False
2026-10-08 21:36:01 | INFO     | __main__ |   Data root   : ./Dataset
2026-10-08 21:36:01 | INFO     | __main__ |   Pretrained  : True
2026-10-08 21:36:01 | INFO     | __main__ |   Grad ckpt   : True
2026-10-08 21:36:01 | INFO     | __main__ |   Grad accum  : 1
2026-10-08 21:36:01 | INFO     | __main__ |   Results dir : results
2026-10-08 21:36:01 | INFO     | __main__ | ══════════════════════════════════════════════════════════════
2026-10-08 21:36:01 | INFO     | dataset | Split mode: pre-split directories (train/ val/ test/)
2026-10-08 21:36:01 | INFO     | dataset | Pre-split layout detected: train=5778  val=826  test=1656
2026-10-08 21:36:01 | INFO     | dataset | Dataset ready — train: 5778  val: 826
2026-10-08 21:36:01 | INFO     | dataset | Split mode: pre-split directories (train/ val/ test/)
2026-10-08 21:36:01 | INFO     | dataset | Pre-split layout detected: train=5778  val=826  test=1656

========== CLASSIFIER INITIALIZATION ==========
classifier.weight
mean: 9.088993829209358e-05
std : 0.025650927796959877
classifier.bias
mean: 0.009458234533667564
std : 0.01871294528245926
Classifier bias: tensor([ 0.0099, -0.0141,  0.0033,  0.0378,  0.0104])
===============================================

/home/sr/cordnet/CoRD-Net/trainer.py:138: FutureWarning: `torch.cuda.amp.GradScaler(args...)` is deprecated. Please use `torch.amp.GradScaler('cuda', args...)` instead.
  self.scaler    = GradScaler() if self.tcfg.amp else None
2026-10-08 21:36:01 | INFO     | utils | ┌─ E7 active modules ──────────────────────────────────┐
2026-10-08 21:36:01 | INFO     | utils | │  ✓  STN (Auto-Localization)                        │
2026-10-08 21:36:01 | INFO     | utils | │  ✗  Dual-Intensity Stem                            │
2026-10-08 21:36:01 | INFO     | utils | │  ✓  Compartment Branches                           │
2026-10-08 21:36:01 | INFO     | utils | │  ✓  Soft ROI Mask (DRP Block)                      │
2026-10-08 21:36:01 | INFO     | utils | │  ✓  Prototype-Guided Refinement (PGR)              │
2026-10-08 21:36:01 | INFO     | utils | │  ✓  Relational Token Coupling (RTC)                │
2026-10-08 21:36:01 | INFO     | utils | │  ✗  Auxiliary Heads                                │
2026-10-08 21:36:01 | INFO     | utils | └────────────────────────────────────────────────────┘
2026-10-08 21:36:01 | INFO     | utils | ┌─ E7 parameter summary ──────────────────────────────┐
2026-10-08 21:36:01 | INFO     | utils | │  Total parameters    : 34,808,583                  │
2026-10-08 21:36:01 | INFO     | utils | │  Trainable parameters: 34,808,583                  │
2026-10-08 21:36:01 | INFO     | utils | └────────────────────────────────────────────────────┘
2026-10-08 21:36:01 | INFO     | trainer | Training E7 | epochs 1→60 | device=cuda
/home/sr/cordnet/CoRD-Net/trainer.py:479: FutureWarning: `torch.cuda.amp.autocast(args...)` is deprecated. Please use `torch.amp.autocast('cuda', args...)` instead.
  with autocast(enabled=self.tcfg.amp):
/home/sr/cordnet/CoRD-Net/trainer.py:479: FutureWarning: `torch.cuda.amp.autocast(args...)` is deprecated. Please use `torch.amp.autocast('cuda', args...)` instead.
  with autocast(enabled=self.tcfg.amp):

============================================================
TRAIN EPOCH DEBUG
============================================================
Average logits: tensor([ 0.3485,  0.0499,  0.1694, -0.3633, -0.3733])
============================================================

First batch prediction counts: tensor([7, 0, 0, 0, 1])

========== VALIDATION HISTOGRAM ==========
Pred : [534, 16, 123, 100, 53]
True : [328, 153, 212, 106, 27]
==========================================

2026-10-08 21:38:12 | INFO     | utils | Checkpoint saved → checkpoints/e7_best.pt
2026-10-08 21:38:12 | INFO     | trainer | epoch=1/60 | time=121.4s | lr=2.00e-06 | train/kl=1.5247 | train/main=1.5247 | train/total=2.0821 | train/proto=0.3967 | train/fgbf=1.0714 | train/fgbf_loss=1.0714 | train/weighted_fgbf=0.1607 | train/weighted_fgbf_loss=0.1607 | train/fgbf_grad_norm=1.4240 | train/backbone_grad_norm=20.7506 | train/compartment_grad_norm=5.0757 | train/head_grad_norm=5.1342 | train/accuracy=0.4687 | val/kl=1.4247 | val/main=1.4247 | val/total=1.9218 | val/proto=0.3670 | val/fgbf=0.8667 | val/fgbf_loss=0.8667 | val/weighted_fgbf=0.1300 | val/weighted_fgbf_loss=0.1300 | val/accuracy=0.5412 | val/kappa=0.6457 | val/mae=0.6816 | val/macro_f1=0.4517 | val/kl0_f1=0.6775 | val/kl1_recall=0.0392 | val/kl1_f1=0.0710 | val/kl2_recall=0.3255 | val/kl2_f1=0.4119 | val/low_grade_min_recall=0.0392 | val/low_grade_min_f1=0.0710 | val/low_grade_worst_class=1.0000 | val/fgbf_low_grade_accuracy=0.5108 | val/fgbf_kl0_precision=0.4962 | val/fgbf_kl0_recall=0.9848 | val/fgbf_kl0_f1=0.6599 | val/fgbf_kl1_precision=0.0000 | val/fgbf_kl1_recall=0.0000 | val/fgbf_kl1_f1=0.0000 | val/fgbf_kl2_precision=0.7381 | val/fgbf_kl2_recall=0.1462 | val/fgbf_kl2_f1=0.2441 | val/fgbf_boundary_KL1_to_KL0=147.0000 | val/fgbf_boundary_KL1_to_KL2=6.0000 | val/score=0.3255
/home/sr/cordnet/CoRD-Net/trainer.py:479: FutureWarning: `torch.cuda.amp.autocast(args...)` is deprecated. Please use `torch.amp.autocast('cuda', args...)` instead.
  with autocast(enabled=self.tcfg.amp):

============================================================
TRAIN EPOCH DEBUG
============================================================
Average logits: tensor([ 0.2455,  0.2087,  0.2861, -0.5936, -0.2311])
============================================================

First batch prediction counts: tensor([8, 0, 0, 0, 0])

========== VALIDATION HISTOGRAM ==========
Pred : [566, 18, 103, 109, 30]
True : [328, 153, 212, 106, 27]
==========================================

2026-10-08 21:40:16 | INFO     | utils | Checkpoint saved → checkpoints/e7_best.pt
2026-10-08 21:40:16 | INFO     | trainer | epoch=2/60 | time=116.2s | lr=5.60e-06 | train/kl=1.3531 | train/main=1.3531 | train/total=1.8209 | train/proto=0.3213 | train/fgbf=0.9773 | train/fgbf_loss=0.9773 | train/weighted_fgbf=0.1466 | train/weighted_fgbf_loss=0.1466 | train/fgbf_grad_norm=1.6068 | train/backbone_grad_norm=34.5272 | train/compartment_grad_norm=7.5772 | train/head_grad_norm=4.5088 | train/accuracy=0.5608 | val/kl=1.3571 | val/main=1.3571 | val/total=1.7781 | val/proto=0.3091 | val/fgbf=0.7459 | val/fgbf_loss=0.7459 | val/weighted_fgbf=0.1119 | val/weighted_fgbf_loss=0.1119 | val/accuracy=0.6029 | val/kappa=0.7130 | val/mae=0.5642 | val/macro_f1=0.5557 | val/kl0_f1=0.7069 | val/kl1_recall=0.0196 | val/kl1_f1=0.0351 | val/kl2_recall=0.3538 | val/kl2_f1=0.4762 | val/low_grade_min_recall=0.0196 | val/low_grade_min_f1=0.0351 | val/low_grade_worst_class=1.0000 | val/fgbf_low_grade_accuracy=0.6061 | val/fgbf_kl0_precision=0.5683 | val/fgbf_kl0_recall=0.9390 | val/fgbf_kl0_f1=0.7080 | val/fgbf_kl1_precision=0.0000 | val/fgbf_kl1_recall=0.0000 | val/fgbf_kl1_f1=0.0000 | val/fgbf_kl2_precision=0.7417 | val/fgbf_kl2_recall=0.5283 | val/fgbf_kl2_f1=0.6171 | val/fgbf_boundary_KL1_to_KL0=134.0000 | val/fgbf_boundary_KL1_to_KL2=19.0000 | val/score=0.3757
/home/sr/cordnet/CoRD-Net/trainer.py:479: FutureWarning: `torch.cuda.amp.autocast(args...)` is deprecated. Please use `torch.amp.autocast('cuda', args...)` instead.
  with autocast(enabled=self.tcfg.amp):

============================================================
TRAIN EPOCH DEBUG
============================================================
Average logits: tensor([ 0.2620,  0.2896,  0.2716, -0.5986, -0.0997])
============================================================

First batch prediction counts: tensor([4, 0, 3, 0, 1])

========== VALIDATION HISTOGRAM ==========
Pred : [334, 22, 288, 142, 40]
True : [328, 153, 212, 106, 27]
==========================================

2026-10-08 21:42:20 | INFO     | utils | Checkpoint saved → checkpoints/e7_best.pt
2026-10-08 21:42:20 | INFO     | trainer | epoch=3/60 | time=115.5s | lr=9.20e-06 | train/kl=1.2720 | train/main=1.2720 | train/total=1.6821 | train/proto=0.2753 | train/fgbf=0.8991 | train/fgbf_loss=0.8991 | train/weighted_fgbf=0.1349 | train/weighted_fgbf_loss=0.1349 | train/fgbf_grad_norm=1.3701 | train/backbone_grad_norm=36.6134 | train/compartment_grad_norm=5.4521 | train/head_grad_norm=3.6336 | train/accuracy=0.6079 | val/kl=1.3588 | val/main=1.3588 | val/total=1.7527 | val/proto=0.2852 | val/fgbf=0.7246 | val/fgbf_loss=0.7246 | val/weighted_fgbf=0.1087 | val/weighted_fgbf_loss=0.1087 | val/accuracy=0.5884 | val/kappa=0.6655 | val/mae=0.6065 | val/macro_f1=0.5555 | val/kl0_f1=0.6858 | val/kl1_recall=0.0458 | val/kl1_f1=0.0800 | val/kl2_recall=0.6557 | val/kl2_f1=0.5560 | val/low_grade_min_recall=0.0458 | val/low_grade_min_f1=0.0800 | val/low_grade_worst_class=1.0000 | val/fgbf_low_grade_accuracy=0.6118 | val/fgbf_kl0_precision=0.6271 | val/fgbf_kl0_recall=0.8049 | val/fgbf_kl0_f1=0.7049 | val/fgbf_kl1_precision=0.3000 | val/fgbf_kl1_recall=0.0196 | val/fgbf_kl1_f1=0.0368 | val/fgbf_kl2_precision=0.5992 | val/fgbf_kl2_recall=0.7406 | val/fgbf_kl2_f1=0.6624 | val/fgbf_boundary_KL1_to_KL0=103.0000 | val/fgbf_boundary_KL1_to_KL2=47.0000 | val/score=0.4130
/home/sr/cordnet/CoRD-Net/trainer.py:479: FutureWarning: `torch.cuda.amp.autocast(args...)` is deprecated. Please use `torch.amp.autocast('cuda', args...)` instead.
  with autocast(enabled=self.tcfg.amp):

============================================================
TRAIN EPOCH DEBUG
============================================================
Average logits: tensor([ 0.2954,  0.3234,  0.2268, -0.5488, -0.0824])
============================================================

First batch prediction counts: tensor([7, 0, 0, 1, 0])

========== VALIDATION HISTOGRAM ==========
Pred : [446, 74, 164, 115, 27]
True : [328, 153, 212, 106, 27]
==========================================

2026-10-08 21:44:24 | INFO     | utils | Checkpoint saved → checkpoints/e7_best.pt
2026-10-08 21:44:24 | INFO     | trainer | epoch=4/60 | time=116.2s | lr=1.28e-05 | train/kl=1.2478 | train/main=1.2478 | train/total=1.6435 | train/proto=0.2637 | train/fgbf=0.8799 | train/fgbf_loss=0.8799 | train/weighted_fgbf=0.1320 | train/weighted_fgbf_loss=0.1320 | train/fgbf_grad_norm=1.1422 | train/backbone_grad_norm=37.5813 | train/compartment_grad_norm=4.2560 | train/head_grad_norm=3.1680 | train/accuracy=0.6136 | val/kl=1.2528 | val/main=1.2528 | val/total=1.6129 | val/proto=0.2573 | val/fgbf=0.6852 | val/fgbf_loss=0.6852 | val/weighted_fgbf=0.1028 | val/weighted_fgbf_loss=0.1028 | val/accuracy=0.6525 | val/kappa=0.7823 | val/mae=0.4479 | val/macro_f1=0.6416 | val/kl0_f1=0.7519 | val/kl1_recall=0.1765 | val/kl1_f1=0.2379 | val/kl2_recall=0.5377 | val/kl2_f1=0.6064 | val/low_grade_min_recall=0.1765 | val/low_grade_min_f1=0.2379 | val/low_grade_worst_class=1.0000 | val/fgbf_low_grade_accuracy=0.6580 | val/fgbf_kl0_precision=0.6230 | val/fgbf_kl0_recall=0.9421 | val/fgbf_kl0_f1=0.7500 | val/fgbf_kl1_precision=0.5333 | val/fgbf_kl1_recall=0.0523 | val/fgbf_kl1_f1=0.0952 | val/fgbf_kl2_precision=0.7637 | val/fgbf_kl2_recall=0.6557 | val/fgbf_kl2_f1=0.7056 | val/fgbf_boundary_KL1_to_KL0=117.0000 | val/fgbf_boundary_KL1_to_KL2=28.0000 | val/score=0.5099
/home/sr/cordnet/CoRD-Net/trainer.py:479: FutureWarning: `torch.cuda.amp.autocast(args...)` is deprecated. Please use `torch.amp.autocast('cuda', args...)` instead.
  with autocast(enabled=self.tcfg.amp):

============================================================
TRAIN EPOCH DEBUG
============================================================
Average logits: tensor([ 0.3414,  0.2988,  0.1609, -0.5616, -0.0934])
============================================================

First batch prediction counts: tensor([7, 1, 0, 0, 0])

========== VALIDATION HISTOGRAM ==========
Pred : [485, 97, 119, 92, 33]
True : [328, 153, 212, 106, 27]
==========================================

2026-10-08 21:46:28 | INFO     | trainer | epoch=5/60 | time=115.8s | lr=1.64e-05 | train/kl=1.2297 | train/main=1.2297 | train/total=1.6251 | train/proto=0.2636 | train/fgbf=0.8784 | train/fgbf_loss=0.8784 | train/weighted_fgbf=0.1318 | train/weighted_fgbf_loss=0.1318 | train/fgbf_grad_norm=0.9326 | train/backbone_grad_norm=35.1916 | train/compartment_grad_norm=3.5686 | train/head_grad_norm=2.6914 | train/accuracy=0.6302 | val/kl=1.2800 | val/main=1.2800 | val/total=1.6536 | val/proto=0.2711 | val/fgbf=0.6831 | val/fgbf_loss=0.6831 | val/weighted_fgbf=0.1025 | val/weighted_fgbf_loss=0.1025 | val/accuracy=0.6441 | val/kappa=0.7715 | val/mae=0.4649 | val/macro_f1=0.6347 | val/kl0_f1=0.7528 | val/kl1_recall=0.2157 | val/kl1_f1=0.2640 | val/kl2_recall=0.4340 | val/kl2_f1=0.5559 | val/low_grade_min_recall=0.2157 | val/low_grade_min_f1=0.2640 | val/low_grade_worst_class=1.0000 | val/fgbf_low_grade_accuracy=0.6436 | val/fgbf_kl0_precision=0.6317 | val/fgbf_kl0_recall=0.9360 | val/fgbf_kl0_f1=0.7543 | val/fgbf_kl1_precision=0.2857 | val/fgbf_kl1_recall=0.0654 | val/fgbf_kl1_f1=0.1064 | val/fgbf_kl2_precision=0.7500 | val/fgbf_kl2_recall=0.6085 | val/fgbf_kl2_f1=0.6719 | val/fgbf_boundary_KL1_to_KL0=115.0000 | val/fgbf_boundary_KL1_to_KL2=28.0000 | val/score=0.4999
/home/sr/cordnet/CoRD-Net/trainer.py:479: FutureWarning: `torch.cuda.amp.autocast(args...)` is deprecated. Please use `torch.amp.autocast('cuda', args...)` instead.
  with autocast(enabled=self.tcfg.amp):

============================================================
TRAIN EPOCH DEBUG
============================================================
Average logits: tensor([ 0.3608,  0.2391,  0.2005, -0.5333, -0.0669])
============================================================

First batch prediction counts: tensor([8, 0, 0, 0, 0])

========== VALIDATION HISTOGRAM ==========
Pred : [352, 172, 160, 111, 31]
True : [328, 153, 212, 106, 27]
==========================================

2026-10-08 21:48:31 | INFO     | utils | Checkpoint saved → checkpoints/e7_best.pt
2026-10-08 21:48:31 | INFO     | trainer | epoch=6/60 | time=115.3s | lr=2.00e-05 | train/kl=1.2236 | train/main=1.2236 | train/total=1.6045 | train/proto=0.2540 | train/fgbf=0.8466 | train/fgbf_loss=0.8466 | train/weighted_fgbf=0.1270 | train/weighted_fgbf_loss=0.1270 | train/fgbf_grad_norm=0.7637 | train/backbone_grad_norm=33.2285 | train/compartment_grad_norm=2.8624 | train/head_grad_norm=2.3732 | train/accuracy=0.6382 | val/kl=1.2675 | val/main=1.2675 | val/total=1.6183 | val/proto=0.2491 | val/fgbf=0.6779 | val/fgbf_loss=0.6779 | val/weighted_fgbf=0.1017 | val/weighted_fgbf_loss=0.1017 | val/accuracy=0.6380 | val/kappa=0.7932 | val/mae=0.4358 | val/macro_f1=0.6633 | val/kl0_f1=0.7382 | val/kl1_recall=0.3725 | val/kl1_f1=0.3508 | val/kl2_recall=0.5189 | val/kl2_f1=0.5914 | val/low_grade_min_recall=0.3725 | val/low_grade_min_f1=0.3508 | val/low_grade_worst_class=1.0000 | val/fgbf_low_grade_accuracy=0.6465 | val/fgbf_kl0_precision=0.6575 | val/fgbf_kl0_recall=0.8780 | val/fgbf_kl0_f1=0.7520 | val/fgbf_kl1_precision=0.3590 | val/fgbf_kl1_recall=0.1830 | val/fgbf_kl1_f1=0.2424 | val/fgbf_kl2_precision=0.7458 | val/fgbf_kl2_recall=0.6226 | val/fgbf_kl2_f1=0.6787 | val/fgbf_boundary_KL1_to_KL0=96.0000 | val/fgbf_boundary_KL1_to_KL2=29.0000 | val/score=0.5480
/home/sr/cordnet/CoRD-Net/trainer.py:479: FutureWarning: `torch.cuda.amp.autocast(args...)` is deprecated. Please use `torch.amp.autocast('cuda', args...)` instead.
  with autocast(enabled=self.tcfg.amp):

============================================================
TRAIN EPOCH DEBUG
============================================================
Average logits: tensor([ 0.3950,  0.2323,  0.1207, -0.5091, -0.0638])
============================================================

First batch prediction counts: tensor([5, 2, 0, 1, 0])

========== VALIDATION HISTOGRAM ==========
Pred : [280, 174, 190, 147, 35]
True : [328, 153, 212, 106, 27]
==========================================

2026-10-08 21:50:33 | INFO     | trainer | epoch=7/60 | time=114.6s | lr=1.99e-05 | train/kl=1.1954 | train/main=1.1954 | train/total=1.5718 | train/proto=0.2504 | train/fgbf=0.8401 | train/fgbf_loss=0.8401 | train/weighted_fgbf=0.1260 | train/weighted_fgbf_loss=0.1260 | train/fgbf_grad_norm=0.6497 | train/backbone_grad_norm=31.1638 | train/compartment_grad_norm=2.2130 | train/head_grad_norm=2.1795 | train/accuracy=0.6579 | val/kl=1.2818 | val/main=1.2818 | val/total=1.6294 | val/proto=0.2483 | val/fgbf=0.6624 | val/fgbf_loss=0.6624 | val/weighted_fgbf=0.0994 | val/weighted_fgbf_loss=0.0994 | val/accuracy=0.6174 | val/kappa=0.7867 | val/mae=0.4600 | val/macro_f1=0.6325 | val/kl0_f1=0.7303 | val/kl1_recall=0.3922 | val/kl1_f1=0.3670 | val/kl2_recall=0.5566 | val/kl2_f1=0.5871 | val/low_grade_min_recall=0.3922 | val/low_grade_min_f1=0.3670 | val/low_grade_worst_class=1.0000 | val/fgbf_low_grade_accuracy=0.6522 | val/fgbf_kl0_precision=0.7672 | val/fgbf_kl0_recall=0.7134 | val/fgbf_kl0_f1=0.7393 | val/fgbf_kl1_precision=0.3690 | val/fgbf_kl1_recall=0.4052 | val/fgbf_kl1_f1=0.3863 | val/fgbf_kl2_precision=0.7091 | val/fgbf_kl2_recall=0.7358 | val/fgbf_kl2_f1=0.7222 | val/fgbf_boundary_KL1_to_KL0=54.0000 | val/fgbf_boundary_KL1_to_KL2=37.0000 | val/score=0.5392
/home/sr/cordnet/CoRD-Net/trainer.py:479: FutureWarning: `torch.cuda.amp.autocast(args...)` is deprecated. Please use `torch.amp.autocast('cuda', args...)` instead.
  with autocast(enabled=self.tcfg.amp):

============================================================
TRAIN EPOCH DEBUG
============================================================
Average logits: tensor([ 0.4095,  0.2814,  0.1766, -0.5219, -0.0739])
============================================================

First batch prediction counts: tensor([4, 3, 0, 1, 0])

========== VALIDATION HISTOGRAM ==========
Pred : [356, 205, 149, 83, 33]
True : [328, 153, 212, 106, 27]
==========================================

2026-10-08 21:52:34 | INFO     | trainer | epoch=8/60 | time=113.0s | lr=1.97e-05 | train/kl=1.2090 | train/main=1.2090 | train/total=1.5980 | train/proto=0.2597 | train/fgbf=0.8621 | train/fgbf_loss=0.8621 | train/weighted_fgbf=0.1293 | train/weighted_fgbf_loss=0.1293 | train/fgbf_grad_norm=0.5774 | train/backbone_grad_norm=33.6667 | train/compartment_grad_norm=2.1854 | train/head_grad_norm=2.1907 | train/accuracy=0.6437 | val/kl=1.2516 | val/main=1.2516 | val/total=1.6032 | val/proto=0.2513 | val/fgbf=0.6686 | val/fgbf_loss=0.6686 | val/weighted_fgbf=0.1003 | val/weighted_fgbf_loss=0.1003 | val/accuracy=0.6283 | val/kappa=0.7811 | val/mae=0.4467 | val/macro_f1=0.6493 | val/kl0_f1=0.7485 | val/kl1_recall=0.4379 | val/kl1_f1=0.3743 | val/kl2_recall=0.4858 | val/kl2_f1=0.5706 | val/low_grade_min_recall=0.4379 | val/low_grade_min_f1=0.3743 | val/low_grade_worst_class=1.0000 | val/fgbf_low_grade_accuracy=0.6479 | val/fgbf_kl0_precision=0.7067 | val/fgbf_kl0_recall=0.8079 | val/fgbf_kl0_f1=0.7539 | val/fgbf_kl1_precision=0.3704 | val/fgbf_kl1_recall=0.3268 | val/fgbf_kl1_f1=0.3472 | val/fgbf_kl2_precision=0.7322 | val/fgbf_kl2_recall=0.6321 | val/fgbf_kl2_f1=0.6785 | val/fgbf_boundary_KL1_to_KL0=71.0000 | val/fgbf_boundary_KL1_to_KL2=32.0000 | val/score=0.5432
/home/sr/cordnet/CoRD-Net/trainer.py:479: FutureWarning: `torch.cuda.amp.autocast(args...)` is deprecated. Please use `torch.amp.autocast('cuda', args...)` instead.
  with autocast(enabled=self.tcfg.amp):

============================================================
TRAIN EPOCH DEBUG
============================================================
Average logits: tensor([ 0.3739,  0.2317,  0.2207, -0.4716, -0.0434])
============================================================

First batch prediction counts: tensor([8, 0, 0, 0, 0])

========== VALIDATION HISTOGRAM ==========
Pred : [392, 85, 211, 104, 34]
True : [328, 153, 212, 106, 27]
==========================================

2026-10-08 21:54:33 | INFO     | trainer | epoch=9/60 | time=111.3s | lr=1.93e-05 | train/kl=1.1754 | train/main=1.1754 | train/total=1.5410 | train/proto=0.2431 | train/fgbf=0.8171 | train/fgbf_loss=0.8171 | train/weighted_fgbf=0.1226 | train/weighted_fgbf_loss=0.1226 | train/fgbf_grad_norm=0.5308 | train/backbone_grad_norm=29.9524 | train/compartment_grad_norm=1.7115 | train/head_grad_norm=2.2633 | train/accuracy=0.6631 | val/kl=1.2365 | val/main=1.2365 | val/total=1.5771 | val/proto=0.2413 | val/fgbf=0.6623 | val/fgbf_loss=0.6623 | val/weighted_fgbf=0.0993 | val/weighted_fgbf_loss=0.0993 | val/accuracy=0.6695 | val/kappa=0.7941 | val/mae=0.4237 | val/macro_f1=0.6593 | val/kl0_f1=0.7694 | val/kl1_recall=0.2353 | val/kl1_f1=0.3025 | val/kl2_recall=0.6321 | val/kl2_f1=0.6336 | val/low_grade_min_recall=0.2353 | val/low_grade_min_f1=0.3025 | val/low_grade_worst_class=1.0000 | val/fgbf_low_grade_accuracy=0.6667 | val/fgbf_kl0_precision=0.6874 | val/fgbf_kl0_recall=0.8780 | val/fgbf_kl0_f1=0.7711 | val/fgbf_kl1_precision=0.4179 | val/fgbf_kl1_recall=0.1830 | val/fgbf_kl1_f1=0.2545 | val/fgbf_kl2_precision=0.7053 | val/fgbf_kl2_recall=0.6887 | val/fgbf_kl2_f1=0.6969 | val/fgbf_boundary_KL1_to_KL0=83.0000 | val/fgbf_boundary_KL1_to_KL2=42.0000 | val/score=0.5446
/home/sr/cordnet/CoRD-Net/trainer.py:479: FutureWarning: `torch.cuda.amp.autocast(args...)` is deprecated. Please use `torch.amp.autocast('cuda', args...)` instead.
  with autocast(enabled=self.tcfg.amp):

============================================================
TRAIN EPOCH DEBUG
============================================================
Average logits: tensor([ 0.3801,  0.2789,  0.2271, -0.4864, -0.0285])
============================================================

First batch prediction counts: tensor([4, 4, 0, 0, 0])

========== VALIDATION HISTOGRAM ==========
Pred : [189, 213, 292, 106, 26]
True : [328, 153, 212, 106, 27]
==========================================

2026-10-08 21:56:32 | INFO     | utils | Checkpoint saved → checkpoints/e7_best.pt
2026-10-08 21:56:32 | INFO     | trainer | epoch=10/60 | time=111.6s | lr=1.88e-05 | train/kl=1.1885 | train/main=1.1885 | train/total=1.5539 | train/proto=0.2437 | train/fgbf=0.8119 | train/fgbf_loss=0.8119 | train/weighted_fgbf=0.1218 | train/weighted_fgbf_loss=0.1218 | train/fgbf_grad_norm=0.5055 | train/backbone_grad_norm=29.4182 | train/compartment_grad_norm=1.5127 | train/head_grad_norm=2.4109 | train/accuracy=0.6506 | val/kl=1.3074 | val/main=1.3074 | val/total=1.6824 | val/proto=0.2635 | val/fgbf=0.7438 | val/fgbf_loss=0.7438 | val/weighted_fgbf=0.1116 | val/weighted_fgbf_loss=0.1116 | val/accuracy=0.5896 | val/kappa=0.7575 | val/mae=0.4843 | val/macro_f1=0.6389 | val/kl0_f1=0.6112 | val/kl1_recall=0.3791 | val/kl1_f1=0.3169 | val/kl2_recall=0.7877 | val/kl2_f1=0.6627 | val/low_grade_min_recall=0.3791 | val/low_grade_min_f1=0.3169 | val/low_grade_worst_class=1.0000 | val/fgbf_low_grade_accuracy=0.5887 | val/fgbf_kl0_precision=0.8224 | val/fgbf_kl0_recall=0.5366 | val/fgbf_kl0_f1=0.6494 | val/fgbf_kl1_precision=0.3000 | val/fgbf_kl1_recall=0.3529 | val/fgbf_kl1_f1=0.3243 | val/fgbf_kl2_precision=0.5953 | val/fgbf_kl2_recall=0.8396 | val/fgbf_kl2_f1=0.6967 | val/fgbf_boundary_KL1_to_KL0=30.0000 | val/fgbf_boundary_KL1_to_KL2=69.0000 | val/score=0.5495
2026-10-08 21:56:32 | INFO     | utils | Checkpoint saved → checkpoints/e7_epoch0010.pt
/home/sr/cordnet/CoRD-Net/trainer.py:479: FutureWarning: `torch.cuda.amp.autocast(args...)` is deprecated. Please use `torch.amp.autocast('cuda', args...)` instead.
  with autocast(enabled=self.tcfg.amp):

============================================================
TRAIN EPOCH DEBUG
============================================================
Average logits: tensor([ 0.3941,  0.2700,  0.2194, -0.5327, -0.0041])
============================================================

First batch prediction counts: tensor([7, 1, 0, 0, 0])

========== VALIDATION HISTOGRAM ==========
Pred : [451, 137, 134, 71, 33]
True : [328, 153, 212, 106, 27]
==========================================

2026-10-08 21:58:32 | INFO     | trainer | epoch=11/60 | time=111.6s | lr=1.81e-05 | train/kl=1.1682 | train/main=1.1682 | train/total=1.5367 | train/proto=0.2449 | train/fgbf=0.8245 | train/fgbf_loss=0.8245 | train/weighted_fgbf=0.1237 | train/weighted_fgbf_loss=0.1237 | train/fgbf_grad_norm=0.4761 | train/backbone_grad_norm=31.7635 | train/compartment_grad_norm=1.4989 | train/head_grad_norm=2.4969 | train/accuracy=0.6574 | val/kl=1.2841 | val/main=1.2841 | val/total=1.6550 | val/proto=0.2648 | val/fgbf=0.7067 | val/fgbf_loss=0.7067 | val/weighted_fgbf=0.1060 | val/weighted_fgbf_loss=0.1060 | val/accuracy=0.6283 | val/kappa=0.7643 | val/mae=0.4685 | val/macro_f1=0.6212 | val/kl0_f1=0.7574 | val/kl1_recall=0.2941 | val/kl1_f1=0.3103 | val/kl2_recall=0.4387 | val/kl2_f1=0.5376 | val/low_grade_min_recall=0.2941 | val/low_grade_min_f1=0.3103 | val/low_grade_worst_class=1.0000 | val/fgbf_low_grade_accuracy=0.6104 | val/fgbf_kl0_precision=0.6426 | val/fgbf_kl0_recall=0.9207 | val/fgbf_kl0_f1=0.7569 | val/fgbf_kl1_precision=0.2975 | val/fgbf_kl1_recall=0.2353 | val/fgbf_kl1_f1=0.2628 | val/fgbf_kl2_precision=0.8333 | val/fgbf_kl2_recall=0.4009 | val/fgbf_kl2_f1=0.5414 | val/fgbf_boundary_KL1_to_KL0=107.0000 | val/fgbf_boundary_KL1_to_KL2=10.0000 | val/score=0.5028
/home/sr/cordnet/CoRD-Net/trainer.py:479: FutureWarning: `torch.cuda.amp.autocast(args...)` is deprecated. Please use `torch.amp.autocast('cuda', args...)` instead.
  with autocast(enabled=self.tcfg.amp):

============================================================
TRAIN EPOCH DEBUG
============================================================
Average logits: tensor([ 0.3918,  0.2939,  0.2492, -0.5098, -0.0809])
============================================================

First batch prediction counts: tensor([7, 0, 1, 0, 0])

========== VALIDATION HISTOGRAM ==========
Pred : [420, 71, 201, 103, 31]
True : [328, 153, 212, 106, 27]
==========================================

2026-10-08 22:00:30 | INFO     | trainer | epoch=12/60 | time=111.3s | lr=1.73e-05 | train/kl=1.2060 | train/main=1.2060 | train/total=1.5916 | train/proto=0.2590 | train/fgbf=0.8437 | train/fgbf_loss=0.8437 | train/weighted_fgbf=0.1265 | train/weighted_fgbf_loss=0.1265 | train/fgbf_grad_norm=0.4529 | train/backbone_grad_norm=32.2993 | train/compartment_grad_norm=1.5548 | train/head_grad_norm=2.4988 | train/accuracy=0.6447 | val/kl=1.2487 | val/main=1.2487 | val/total=1.6031 | val/proto=0.2527 | val/fgbf=0.6781 | val/fgbf_loss=0.6781 | val/weighted_fgbf=0.1017 | val/weighted_fgbf_loss=0.1017 | val/accuracy=0.6344 | val/kappa=0.7436 | val/mae=0.4903 | val/macro_f1=0.6198 | val/kl0_f1=0.7353 | val/kl1_recall=0.1569 | val/kl1_f1=0.2143 | val/kl2_recall=0.5755 | val/kl2_f1=0.5908 | val/low_grade_min_recall=0.1569 | val/low_grade_min_f1=0.2143 | val/low_grade_worst_class=1.0000 | val/fgbf_low_grade_accuracy=0.6364 | val/fgbf_kl0_precision=0.6564 | val/fgbf_kl0_recall=0.8445 | val/fgbf_kl0_f1=0.7387 | val/fgbf_kl1_precision=0.3947 | val/fgbf_kl1_recall=0.1961 | val/fgbf_kl1_f1=0.2620 | val/fgbf_kl2_precision=0.6872 | val/fgbf_kl2_recall=0.6321 | val/fgbf_kl2_f1=0.6585 | val/fgbf_boundary_KL1_to_KL0=89.0000 | val/fgbf_boundary_KL1_to_KL2=34.0000 | val/score=0.4894
/home/sr/cordnet/CoRD-Net/trainer.py:479: FutureWarning: `torch.cuda.amp.autocast(args...)` is deprecated. Please use `torch.amp.autocast('cuda', args...)` instead.
  with autocast(enabled=self.tcfg.amp):

============================================================
TRAIN EPOCH DEBUG
============================================================
Average logits: tensor([ 0.3793,  0.2412,  0.2093, -0.4934, -0.0680])
============================================================

First batch prediction counts: tensor([5, 1, 2, 0, 0])

========== VALIDATION HISTOGRAM ==========
Pred : [390, 86, 267, 54, 29]
True : [328, 153, 212, 106, 27]
==========================================

2026-10-08 22:02:29 | INFO     | trainer | epoch=13/60 | time=111.0s | lr=1.64e-05 | train/kl=1.2369 | train/main=1.2369 | train/total=1.6307 | train/proto=0.2647 | train/fgbf=0.8607 | train/fgbf_loss=0.8607 | train/weighted_fgbf=0.1291 | train/weighted_fgbf_loss=0.1291 | train/fgbf_grad_norm=0.4653 | train/backbone_grad_norm=32.9001 | train/compartment_grad_norm=1.4286 | train/head_grad_norm=2.5813 | train/accuracy=0.6238 | val/kl=1.2710 | val/main=1.2710 | val/total=1.6351 | val/proto=0.2610 | val/fgbf=0.6876 | val/fgbf_loss=0.6876 | val/weighted_fgbf=0.1031 | val/weighted_fgbf_loss=0.1031 | val/accuracy=0.6271 | val/kappa=0.7450 | val/mae=0.4806 | val/macro_f1=0.6170 | val/kl0_f1=0.7465 | val/kl1_recall=0.2157 | val/kl1_f1=0.2762 | val/kl2_recall=0.6840 | val/kl2_f1=0.6054 | val/low_grade_min_recall=0.2157 | val/low_grade_min_f1=0.2762 | val/low_grade_worst_class=1.0000 | val/fgbf_low_grade_accuracy=0.6176 | val/fgbf_kl0_precision=0.6856 | val/fgbf_kl0_recall=0.7713 | val/fgbf_kl0_f1=0.7260 | val/fgbf_kl1_precision=0.3520 | val/fgbf_kl1_recall=0.2876 | val/fgbf_kl1_f1=0.3165 | val/fgbf_kl2_precision=0.6583 | val/fgbf_kl2_recall=0.6179 | val/fgbf_kl2_f1=0.6375 | val/fgbf_boundary_KL1_to_KL0=71.0000 | val/fgbf_boundary_KL1_to_KL2=38.0000 | val/score=0.5113
/home/sr/cordnet/CoRD-Net/trainer.py:479: FutureWarning: `torch.cuda.amp.autocast(args...)` is deprecated. Please use `torch.amp.autocast('cuda', args...)` instead.
  with autocast(enabled=self.tcfg.amp):

============================================================
TRAIN EPOCH DEBUG
============================================================
Average logits: tensor([ 0.4047,  0.1951,  0.2229, -0.4740, -0.0704])
============================================================

First batch prediction counts: tensor([5, 2, 1, 0, 0])

========== VALIDATION HISTOGRAM ==========
Pred : [449, 142, 157, 61, 17]
True : [328, 153, 212, 106, 27]
==========================================

2026-10-08 22:04:27 | INFO     | trainer | epoch=14/60 | time=110.9s | lr=1.54e-05 | train/kl=1.2861 | train/main=1.2861 | train/total=1.6998 | train/proto=0.2822 | train/fgbf=0.8767 | train/fgbf_loss=0.8767 | train/weighted_fgbf=0.1315 | train/weighted_fgbf_loss=0.1315 | train/fgbf_grad_norm=0.4063 | train/backbone_grad_norm=30.5471 | train/compartment_grad_norm=1.3392 | train/head_grad_norm=2.7594 | train/accuracy=0.5975 | val/kl=1.3776 | val/main=1.3776 | val/total=1.7897 | val/proto=0.3047 | val/fgbf=0.7164 | val/fgbf_loss=0.7164 | val/weighted_fgbf=0.1075 | val/weighted_fgbf_loss=0.1075 | val/accuracy=0.5775 | val/kappa=0.5453 | val/mae=0.6416 | val/macro_f1=0.5356 | val/kl0_f1=0.6770 | val/kl1_recall=0.3203 | val/kl1_f1=0.3322 | val/kl2_recall=0.4858 | val/kl2_f1=0.5583 | val/low_grade_min_recall=0.3203 | val/low_grade_min_f1=0.3322 | val/low_grade_worst_class=1.0000 | val/fgbf_low_grade_accuracy=0.6061 | val/fgbf_kl0_precision=0.6332 | val/fgbf_kl0_recall=0.8262 | val/fgbf_kl0_f1=0.7169 | val/fgbf_kl1_precision=0.3462 | val/fgbf_kl1_recall=0.2941 | val/fgbf_kl1_f1=0.3180 | val/fgbf_kl2_precision=0.7704 | val/fgbf_kl2_recall=0.4906 | val/fgbf_kl2_f1=0.5994 | val/fgbf_boundary_KL1_to_KL0=91.0000 | val/fgbf_boundary_KL1_to_KL2=17.0000 | val/score=0.4814
/home/sr/cordnet/CoRD-Net/trainer.py:479: FutureWarning: `torch.cuda.amp.autocast(args...)` is deprecated. Please use `torch.amp.autocast('cuda', args...)` instead.
  with autocast(enabled=self.tcfg.amp):

============================================================
TRAIN EPOCH DEBUG
============================================================
Average logits: tensor([ 0.3919,  0.0997,  0.1257, -0.3873, -0.0900])
============================================================

First batch prediction counts: tensor([8, 0, 0, 0, 0])

========== VALIDATION HISTOGRAM ==========
Pred : [598, 25, 119, 68, 16]
True : [328, 153, 212, 106, 27]
==========================================

2026-10-08 22:06:26 | INFO     | trainer | epoch=15/60 | time=111.0s | lr=1.43e-05 | train/kl=1.4051 | train/main=1.4051 | train/total=1.8596 | train/proto=0.3161 | train/fgbf=0.9222 | train/fgbf_loss=0.9222 | train/weighted_fgbf=0.1383 | train/weighted_fgbf_loss=0.1383 | train/fgbf_grad_norm=0.3709 | train/backbone_grad_norm=22.1154 | train/compartment_grad_norm=0.9730 | train/head_grad_norm=2.9946 | train/accuracy=0.5242 | val/kl=1.4371 | val/main=1.4371 | val/total=1.8813 | val/proto=0.3313 | val/fgbf=0.7531 | val/fgbf_loss=0.7531 | val/weighted_fgbf=0.1130 | val/weighted_fgbf_loss=0.1130 | val/accuracy=0.5654 | val/kappa=0.4624 | val/mae=0.7506 | val/macro_f1=0.4817 | val/kl0_f1=0.6695 | val/kl1_recall=0.0915 | val/kl1_f1=0.1573 | val/kl2_recall=0.3868 | val/kl2_f1=0.4955 | val/low_grade_min_recall=0.0915 | val/low_grade_min_f1=0.1573 | val/low_grade_worst_class=1.0000 | val/fgbf_low_grade_accuracy=0.5945 | val/fgbf_kl0_precision=0.5647 | val/fgbf_kl0_recall=0.9451 | val/fgbf_kl0_f1=0.7070 | val/fgbf_kl1_precision=0.4500 | val/fgbf_kl1_recall=0.1176 | val/fgbf_kl1_f1=0.1865 | val/fgbf_kl2_precision=0.8077 | val/fgbf_kl2_recall=0.3962 | val/fgbf_kl2_f1=0.5316 | val/fgbf_boundary_KL1_to_KL0=126.0000 | val/fgbf_boundary_KL1_to_KL2=9.0000 | val/score=0.3885
/home/sr/cordnet/CoRD-Net/trainer.py:479: FutureWarning: `torch.cuda.amp.autocast(args...)` is deprecated. Please use `torch.amp.autocast('cuda', args...)` instead.
  with autocast(enabled=self.tcfg.amp):

============================================================
TRAIN EPOCH DEBUG
============================================================
Average logits: tensor([ 0.3652,  0.1424,  0.1567, -0.3931, -0.0640])
============================================================

First batch prediction counts: tensor([6, 0, 2, 0, 0])

========== VALIDATION HISTOGRAM ==========
Pred : [380, 118, 199, 87, 42]
True : [328, 153, 212, 106, 27]
==========================================

2026-10-08 22:08:25 | INFO     | utils | Checkpoint saved → checkpoints/e7_best.pt
2026-10-08 22:08:25 | INFO     | trainer | epoch=16/60 | time=111.0s | lr=1.31e-05 | train/kl=1.2855 | train/main=1.2855 | train/total=1.6922 | train/proto=0.2781 | train/fgbf=0.8571 | train/fgbf_loss=0.8571 | train/weighted_fgbf=0.1286 | train/weighted_fgbf_loss=0.1286 | train/fgbf_grad_norm=0.3502 | train/backbone_grad_norm=25.9006 | train/compartment_grad_norm=0.8322 | train/head_grad_norm=2.9341 | train/accuracy=0.6016 | val/kl=1.2627 | val/main=1.2627 | val/total=1.6114 | val/proto=0.2482 | val/fgbf=0.6696 | val/fgbf_loss=0.6696 | val/weighted_fgbf=0.1004 | val/weighted_fgbf_loss=0.1004 | val/accuracy=0.6622 | val/kappa=0.8041 | val/mae=0.4165 | val/macro_f1=0.6463 | val/kl0_f1=0.7712 | val/kl1_recall=0.3137 | val/kl1_f1=0.3542 | val/kl2_recall=0.6179 | val/kl2_f1=0.6375 | val/low_grade_min_recall=0.3137 | val/low_grade_min_f1=0.3542 | val/low_grade_worst_class=1.0000 | val/fgbf_low_grade_accuracy=0.6667 | val/fgbf_kl0_precision=0.7083 | val/fgbf_kl0_recall=0.8293 | val/fgbf_kl0_f1=0.7640 | val/fgbf_kl1_precision=0.4340 | val/fgbf_kl1_recall=0.3007 | val/fgbf_kl1_f1=0.3552 | val/fgbf_kl2_precision=0.7094 | val/fgbf_kl2_recall=0.6792 | val/fgbf_kl2_f1=0.6940 | val/fgbf_boundary_KL1_to_KL0=75.0000 | val/fgbf_boundary_KL1_to_KL2=32.0000 | val/score=0.5560
/home/sr/cordnet/CoRD-Net/trainer.py:479: FutureWarning: `torch.cuda.amp.autocast(args...)` is deprecated. Please use `torch.amp.autocast('cuda', args...)` instead.
  with autocast(enabled=self.tcfg.amp):

============================================================
TRAIN EPOCH DEBUG
============================================================
Average logits: tensor([ 0.4216,  0.2516,  0.1957, -0.5012,  0.0085])
============================================================

First batch prediction counts: tensor([7, 1, 0, 0, 0])

========== VALIDATION HISTOGRAM ==========
Pred : [417, 135, 156, 85, 33]
True : [328, 153, 212, 106, 27]
==========================================

2026-10-08 22:10:23 | INFO     | trainer | epoch=17/60 | time=110.7s | lr=1.19e-05 | train/kl=1.1706 | train/main=1.1706 | train/total=1.5303 | train/proto=0.2400 | train/fgbf=0.7976 | train/fgbf_loss=0.7976 | train/weighted_fgbf=0.1196 | train/weighted_fgbf_loss=0.1196 | train/fgbf_grad_norm=0.3706 | train/backbone_grad_norm=32.4911 | train/compartment_grad_norm=0.9437 | train/head_grad_norm=3.2270 | train/accuracy=0.6640 | val/kl=1.3385 | val/main=1.3385 | val/total=1.7271 | val/proto=0.2793 | val/fgbf=0.7284 | val/fgbf_loss=0.7284 | val/weighted_fgbf=0.1093 | val/weighted_fgbf_loss=0.1093 | val/accuracy=0.5956 | val/kappa=0.6897 | val/mae=0.5484 | val/macro_f1=0.5847 | val/kl0_f1=0.7114 | val/kl1_recall=0.2810 | val/kl1_f1=0.2986 | val/kl2_recall=0.4623 | val/kl2_f1=0.5326 | val/low_grade_min_recall=0.2810 | val/low_grade_min_f1=0.2986 | val/low_grade_worst_class=1.0000 | val/fgbf_low_grade_accuracy=0.6089 | val/fgbf_kl0_precision=0.6633 | val/fgbf_kl0_recall=0.8049 | val/fgbf_kl0_f1=0.7273 | val/fgbf_kl1_precision=0.3478 | val/fgbf_kl1_recall=0.3137 | val/fgbf_kl1_f1=0.3299 | val/fgbf_kl2_precision=0.7006 | val/fgbf_kl2_recall=0.5189 | val/fgbf_kl2_f1=0.5962 | val/fgbf_boundary_KL1_to_KL0=80.0000 | val/fgbf_boundary_KL1_to_KL2=25.0000 | val/score=0.4832
/home/sr/cordnet/CoRD-Net/trainer.py:479: FutureWarning: `torch.cuda.amp.autocast(args...)` is deprecated. Please use `torch.amp.autocast('cuda', args...)` instead.
  with autocast(enabled=self.tcfg.amp):

============================================================
TRAIN EPOCH DEBUG
============================================================
Average logits: tensor([ 0.3489,  0.1653,  0.2137, -0.4006, -0.0474])
============================================================

First batch prediction counts: tensor([5, 2, 1, 0, 0])

========== VALIDATION HISTOGRAM ==========
Pred : [442, 93, 165, 99, 27]
True : [328, 153, 212, 106, 27]
==========================================

2026-10-08 22:12:22 | INFO     | trainer | epoch=18/60 | time=110.9s | lr=1.06e-05 | train/kl=1.2815 | train/main=1.2815 | train/total=1.6908 | train/proto=0.2794 | train/fgbf=0.8664 | train/fgbf_loss=0.8664 | train/weighted_fgbf=0.1300 | train/weighted_fgbf_loss=0.1300 | train/fgbf_grad_norm=0.3819 | train/backbone_grad_norm=28.7146 | train/compartment_grad_norm=0.9330 | train/head_grad_norm=3.0645 | train/accuracy=0.6091 | val/kl=1.3111 | val/main=1.3111 | val/total=1.6828 | val/proto=0.2651 | val/fgbf=0.7111 | val/fgbf_loss=0.7111 | val/weighted_fgbf=0.1067 | val/weighted_fgbf_loss=0.1067 | val/accuracy=0.6259 | val/kappa=0.7003 | val/mae=0.5266 | val/macro_f1=0.6273 | val/kl0_f1=0.7169 | val/kl1_recall=0.2222 | val/kl1_f1=0.2764 | val/kl2_recall=0.5047 | val/kl2_f1=0.5676 | val/low_grade_min_recall=0.2222 | val/low_grade_min_f1=0.2764 | val/low_grade_worst_class=1.0000 | val/fgbf_low_grade_accuracy=0.6364 | val/fgbf_kl0_precision=0.6651 | val/fgbf_kl0_recall=0.8476 | val/fgbf_kl0_f1=0.7453 | val/fgbf_kl1_precision=0.4105 | val/fgbf_kl1_recall=0.2549 | val/fgbf_kl1_f1=0.3145 | val/fgbf_kl2_precision=0.6889 | val/fgbf_kl2_recall=0.5849 | val/fgbf_kl2_f1=0.6327 | val/fgbf_boundary_KL1_to_KL0=81.0000 | val/fgbf_boundary_KL1_to_KL2=33.0000 | val/score=0.5042
/home/sr/cordnet/CoRD-Net/trainer.py:479: FutureWarning: `torch.cuda.amp.autocast(args...)` is deprecated. Please use `torch.amp.autocast('cuda', args...)` instead.
  with autocast(enabled=self.tcfg.amp):

============================================================
TRAIN EPOCH DEBUG
============================================================
Average logits: tensor([ 0.3483,  0.1615,  0.1939, -0.3933, -0.0565])
============================================================

First batch prediction counts: tensor([4, 4, 0, 0, 0])

========== VALIDATION HISTOGRAM ==========
Pred : [320, 179, 180, 112, 35]
True : [328, 153, 212, 106, 27]
==========================================

2026-10-08 22:14:20 | INFO     | trainer | epoch=19/60 | time=111.0s | lr=9.37e-06 | train/kl=1.2535 | train/main=1.2535 | train/total=1.6501 | train/proto=0.2702 | train/fgbf=0.8429 | train/fgbf_loss=0.8429 | train/weighted_fgbf=0.1264 | train/weighted_fgbf_loss=0.1264 | train/fgbf_grad_norm=0.3643 | train/backbone_grad_norm=29.7243 | train/compartment_grad_norm=0.9371 | train/head_grad_norm=3.0874 | train/accuracy=0.6248 | val/kl=1.2868 | val/main=1.2868 | val/total=1.6536 | val/proto=0.2610 | val/fgbf=0.7056 | val/fgbf_loss=0.7056 | val/weighted_fgbf=0.1058 | val/weighted_fgbf_loss=0.1058 | val/accuracy=0.6017 | val/kappa=0.7413 | val/mae=0.5061 | val/macro_f1=0.6273 | val/kl0_f1=0.6944 | val/kl1_recall=0.3791 | val/kl1_f1=0.3494 | val/kl2_recall=0.5189 | val/kl2_f1=0.5612 | val/low_grade_min_recall=0.3791 | val/low_grade_min_f1=0.3494 | val/low_grade_worst_class=1.0000 | val/fgbf_low_grade_accuracy=0.6306 | val/fgbf_kl0_precision=0.7085 | val/fgbf_kl0_recall=0.7409 | val/fgbf_kl0_f1=0.7243 | val/fgbf_kl1_precision=0.3856 | val/fgbf_kl1_recall=0.3856 | val/fgbf_kl1_f1=0.3856 | val/fgbf_kl2_precision=0.6853 | val/fgbf_kl2_recall=0.6368 | val/fgbf_kl2_f1=0.6601 | val/fgbf_boundary_KL1_to_KL0=61.0000 | val/fgbf_boundary_KL1_to_KL2=33.0000 | val/score=0.5241
/home/sr/cordnet/CoRD-Net/trainer.py:479: FutureWarning: `torch.cuda.amp.autocast(args...)` is deprecated. Please use `torch.amp.autocast('cuda', args...)` instead.
  with autocast(enabled=self.tcfg.amp):

============================================================
TRAIN EPOCH DEBUG
============================================================
Average logits: tensor([ 0.3918,  0.1738,  0.1910, -0.4422, -0.0339])
============================================================

First batch prediction counts: tensor([7, 1, 0, 0, 0])

========== VALIDATION HISTOGRAM ==========
Pred : [338, 150, 239, 67, 32]
True : [328, 153, 212, 106, 27]
==========================================

2026-10-08 22:16:19 | INFO     | utils | Checkpoint saved → checkpoints/e7_best.pt
2026-10-08 22:16:19 | INFO     | trainer | epoch=20/60 | time=111.1s | lr=8.13e-06 | train/kl=1.1634 | train/main=1.1634 | train/total=1.5251 | train/proto=0.2423 | train/fgbf=0.7958 | train/fgbf_loss=0.7958 | train/weighted_fgbf=0.1194 | train/weighted_fgbf_loss=0.1194 | train/fgbf_grad_norm=0.3727 | train/backbone_grad_norm=30.5342 | train/compartment_grad_norm=0.9448 | train/head_grad_norm=2.9328 | train/accuracy=0.6756 | val/kl=1.2643 | val/main=1.2643 | val/total=1.6230 | val/proto=0.2561 | val/fgbf=0.6837 | val/fgbf_loss=0.6837 | val/weighted_fgbf=0.1026 | val/weighted_fgbf_loss=0.1026 | val/accuracy=0.6356 | val/kappa=0.7539 | val/mae=0.4625 | val/macro_f1=0.6529 | val/kl0_f1=0.7267 | val/kl1_recall=0.3791 | val/kl1_f1=0.3828 | val/kl2_recall=0.6651 | val/kl2_f1=0.6253 | val/low_grade_min_recall=0.3791 | val/low_grade_min_f1=0.3828 | val/low_grade_worst_class=1.0000 | val/fgbf_low_grade_accuracy=0.6407 | val/fgbf_kl0_precision=0.7106 | val/fgbf_kl0_recall=0.7561 | val/fgbf_kl0_f1=0.7326 | val/fgbf_kl1_precision=0.3893 | val/fgbf_kl1_recall=0.3333 | val/fgbf_kl1_f1=0.3592 | val/fgbf_kl2_precision=0.6808 | val/fgbf_kl2_recall=0.6840 | val/fgbf_kl2_f1=0.6824 | val/fgbf_boundary_KL1_to_KL0=64.0000 | val/fgbf_boundary_KL1_to_KL2=38.0000 | val/score=0.5636
2026-10-08 22:16:19 | INFO     | utils | Checkpoint saved → checkpoints/e7_epoch0020.pt
/home/sr/cordnet/CoRD-Net/trainer.py:479: FutureWarning: `torch.cuda.amp.autocast(args...)` is deprecated. Please use `torch.amp.autocast('cuda', args...)` instead.
  with autocast(enabled=self.tcfg.amp):

============================================================
TRAIN EPOCH DEBUG
============================================================
Average logits: tensor([ 0.3833,  0.2576,  0.1817, -0.4791,  0.0192])
============================================================

First batch prediction counts: tensor([6, 2, 0, 0, 0])

========== VALIDATION HISTOGRAM ==========
Pred : [298, 212, 187, 98, 31]
True : [328, 153, 212, 106, 27]
==========================================

2026-10-08 22:18:18 | INFO     | utils | Checkpoint saved → checkpoints/e7_best.pt
2026-10-08 22:18:18 | INFO     | trainer | epoch=21/60 | time=111.1s | lr=6.91e-06 | train/kl=1.1347 | train/main=1.1347 | train/total=1.4838 | train/proto=0.2322 | train/fgbf=0.7789 | train/fgbf_loss=0.7789 | train/weighted_fgbf=0.1168 | train/weighted_fgbf_loss=0.1168 | train/fgbf_grad_norm=0.4062 | train/backbone_grad_norm=34.0979 | train/compartment_grad_norm=1.0504 | train/head_grad_norm=3.0555 | train/accuracy=0.6787 | val/kl=1.2742 | val/main=1.2742 | val/total=1.6311 | val/proto=0.2511 | val/fgbf=0.7061 | val/fgbf_loss=0.7061 | val/weighted_fgbf=0.1059 | val/weighted_fgbf_loss=0.1059 | val/accuracy=0.6332 | val/kappa=0.7774 | val/mae=0.4443 | val/macro_f1=0.6739 | val/kl0_f1=0.7061 | val/kl1_recall=0.4837 | val/kl1_f1=0.4055 | val/kl2_recall=0.5849 | val/kl2_f1=0.6216 | val/low_grade_min_recall=0.4837 | val/low_grade_min_f1=0.4055 | val/low_grade_worst_class=1.0000 | val/fgbf_low_grade_accuracy=0.6291 | val/fgbf_kl0_precision=0.7177 | val/fgbf_kl0_recall=0.7287 | val/fgbf_kl0_f1=0.7231 | val/fgbf_kl1_precision=0.3810 | val/fgbf_kl1_recall=0.4183 | val/fgbf_kl1_f1=0.3988 | val/fgbf_kl2_precision=0.6927 | val/fgbf_kl2_recall=0.6274 | val/fgbf_kl2_f1=0.6584 | val/fgbf_boundary_KL1_to_KL0=58.0000 | val/fgbf_boundary_KL1_to_KL2=31.0000 | val/score=0.5777
/home/sr/cordnet/CoRD-Net/trainer.py:479: FutureWarning: `torch.cuda.amp.autocast(args...)` is deprecated. Please use `torch.amp.autocast('cuda', args...)` instead.
  with autocast(enabled=self.tcfg.amp):

============================================================
TRAIN EPOCH DEBUG
============================================================
Average logits: tensor([ 0.4360,  0.2215,  0.1834, -0.5072,  0.0364])
============================================================

First batch prediction counts: tensor([7, 0, 1, 0, 0])

========== VALIDATION HISTOGRAM ==========
Pred : [341, 118, 221, 109, 37]
True : [328, 153, 212, 106, 27]
==========================================

2026-10-08 22:20:17 | INFO     | trainer | epoch=22/60 | time=110.9s | lr=5.74e-06 | train/kl=1.1173 | train/main=1.1173 | train/total=1.4548 | train/proto=0.2237 | train/fgbf=0.7582 | train/fgbf_loss=0.7582 | train/weighted_fgbf=0.1137 | train/weighted_fgbf_loss=0.1137 | train/fgbf_grad_norm=0.4184 | train/backbone_grad_norm=35.0367 | train/compartment_grad_norm=1.0974 | train/head_grad_norm=3.0365 | train/accuracy=0.6937 | val/kl=1.2816 | val/main=1.2816 | val/total=1.6455 | val/proto=0.2586 | val/fgbf=0.7021 | val/fgbf_loss=0.7021 | val/weighted_fgbf=0.1053 | val/weighted_fgbf_loss=0.1053 | val/accuracy=0.6404 | val/kappa=0.7541 | val/mae=0.4746 | val/macro_f1=0.6495 | val/kl0_f1=0.7294 | val/kl1_recall=0.3072 | val/kl1_f1=0.3469 | val/kl2_recall=0.6179 | val/kl2_f1=0.6051 | val/low_grade_min_recall=0.3072 | val/low_grade_min_f1=0.3469 | val/low_grade_worst_class=1.0000 | val/fgbf_low_grade_accuracy=0.6465 | val/fgbf_kl0_precision=0.7163 | val/fgbf_kl0_recall=0.7622 | val/fgbf_kl0_f1=0.7386 | val/fgbf_kl1_precision=0.4590 | val/fgbf_kl1_recall=0.3660 | val/fgbf_kl1_f1=0.4073 | val/fgbf_kl2_precision=0.6396 | val/fgbf_kl2_recall=0.6698 | val/fgbf_kl2_f1=0.6544 | val/fgbf_boundary_KL1_to_KL0=56.0000 | val/fgbf_boundary_KL1_to_KL2=41.0000 | val/score=0.5454
/home/sr/cordnet/CoRD-Net/trainer.py:479: FutureWarning: `torch.cuda.amp.autocast(args...)` is deprecated. Please use `torch.amp.autocast('cuda', args...)` instead.
  with autocast(enabled=self.tcfg.amp):

============================================================
TRAIN EPOCH DEBUG
============================================================
Average logits: tensor([ 0.4256,  0.1872,  0.1737, -0.4732,  0.0423])
============================================================

First batch prediction counts: tensor([7, 1, 0, 0, 0])

========== VALIDATION HISTOGRAM ==========
Pred : [340, 142, 199, 116, 29]
True : [328, 153, 212, 106, 27]
==========================================

2026-10-08 22:22:15 | INFO     | utils | Checkpoint saved → checkpoints/e7_best.pt
2026-10-08 22:22:15 | INFO     | trainer | epoch=23/60 | time=110.8s | lr=4.64e-06 | train/kl=1.0982 | train/main=1.0982 | train/total=1.4273 | train/proto=0.2174 | train/fgbf=0.7453 | train/fgbf_loss=0.7453 | train/weighted_fgbf=0.1118 | train/weighted_fgbf_loss=0.1118 | train/fgbf_grad_norm=0.4173 | train/backbone_grad_norm=35.7605 | train/compartment_grad_norm=1.0854 | train/head_grad_norm=2.8903 | train/accuracy=0.7064 | val/kl=1.2525 | val/main=1.2525 | val/total=1.6095 | val/proto=0.2542 | val/fgbf=0.6852 | val/fgbf_loss=0.6852 | val/weighted_fgbf=0.1028 | val/weighted_fgbf_loss=0.1028 | val/accuracy=0.6646 | val/kappa=0.7874 | val/mae=0.4249 | val/macro_f1=0.6810 | val/kl0_f1=0.7545 | val/kl1_recall=0.3856 | val/kl1_f1=0.4000 | val/kl2_recall=0.6085 | val/kl2_f1=0.6277 | val/low_grade_min_recall=0.3856 | val/low_grade_min_f1=0.4000 | val/low_grade_worst_class=1.0000 | val/fgbf_low_grade_accuracy=0.6840 | val/fgbf_kl0_precision=0.7348 | val/fgbf_kl0_recall=0.8110 | val/fgbf_kl0_f1=0.7710 | val/fgbf_kl1_precision=0.5045 | val/fgbf_kl1_recall=0.3660 | val/fgbf_kl1_f1=0.4242 | val/fgbf_kl2_precision=0.6909 | val/fgbf_kl2_recall=0.7170 | val/fgbf_kl2_f1=0.7037 | val/fgbf_boundary_KL1_to_KL0=62.0000 | val/fgbf_boundary_KL1_to_KL2=35.0000 | val/score=0.5807
/home/sr/cordnet/CoRD-Net/trainer.py:479: FutureWarning: `torch.cuda.amp.autocast(args...)` is deprecated. Please use `torch.amp.autocast('cuda', args...)` instead.
  with autocast(enabled=self.tcfg.amp):

============================================================
TRAIN EPOCH DEBUG
============================================================
Average logits: tensor([ 0.4163,  0.2212,  0.1573, -0.5001,  0.0669])
============================================================

First batch prediction counts: tensor([6, 2, 0, 0, 0])

========== VALIDATION HISTOGRAM ==========
Pred : [325, 149, 218, 107, 27]
True : [328, 153, 212, 106, 27]
==========================================

2026-10-08 22:24:14 | INFO     | trainer | epoch=24/60 | time=110.7s | lr=3.63e-06 | train/kl=1.0819 | train/main=1.0819 | train/total=1.4009 | train/proto=0.2108 | train/fgbf=0.7213 | train/fgbf_loss=0.7213 | train/weighted_fgbf=0.1082 | train/weighted_fgbf_loss=0.1082 | train/fgbf_grad_norm=0.4532 | train/backbone_grad_norm=36.5686 | train/compartment_grad_norm=1.1205 | train/head_grad_norm=2.9067 | train/accuracy=0.7149 | val/kl=1.2482 | val/main=1.2482 | val/total=1.6030 | val/proto=0.2507 | val/fgbf=0.6939 | val/fgbf_loss=0.6939 | val/weighted_fgbf=0.1041 | val/weighted_fgbf_loss=0.1041 | val/accuracy=0.6489 | val/kappa=0.7680 | val/mae=0.4467 | val/macro_f1=0.6638 | val/kl0_f1=0.7381 | val/kl1_recall=0.3725 | val/kl1_f1=0.3775 | val/kl2_recall=0.6368 | val/kl2_f1=0.6279 | val/low_grade_min_recall=0.3725 | val/low_grade_min_f1=0.3775 | val/low_grade_worst_class=1.0000 | val/fgbf_low_grade_accuracy=0.6349 | val/fgbf_kl0_precision=0.7194 | val/fgbf_kl0_recall=0.7348 | val/fgbf_kl0_f1=0.7270 | val/fgbf_kl1_precision=0.3933 | val/fgbf_kl1_recall=0.3856 | val/fgbf_kl1_f1=0.3894 | val/fgbf_kl2_precision=0.6731 | val/fgbf_kl2_recall=0.6604 | val/fgbf_kl2_f1=0.6667 | val/fgbf_boundary_KL1_to_KL0=57.0000 | val/fgbf_boundary_KL1_to_KL2=37.0000 | val/score=0.5671
/home/sr/cordnet/CoRD-Net/trainer.py:479: FutureWarning: `torch.cuda.amp.autocast(args...)` is deprecated. Please use `torch.amp.autocast('cuda', args...)` instead.
  with autocast(enabled=self.tcfg.amp):

============================================================
TRAIN EPOCH DEBUG
============================================================
Average logits: tensor([ 0.4208,  0.2144,  0.1216, -0.5101,  0.0488])
============================================================

First batch prediction counts: tensor([6, 2, 0, 0, 0])

========== VALIDATION HISTOGRAM ==========
Pred : [329, 142, 206, 116, 33]
True : [328, 153, 212, 106, 27]
==========================================

2026-10-08 22:26:12 | INFO     | trainer | epoch=25/60 | time=111.1s | lr=2.71e-06 | train/kl=1.0976 | train/main=1.0976 | train/total=1.4255 | train/proto=0.2173 | train/fgbf=0.7368 | train/fgbf_loss=0.7368 | train/weighted_fgbf=0.1105 | train/weighted_fgbf_loss=0.1105 | train/fgbf_grad_norm=0.4843 | train/backbone_grad_norm=36.9787 | train/compartment_grad_norm=1.1731 | train/head_grad_norm=2.8889 | train/accuracy=0.7105 | val/kl=1.2879 | val/main=1.2879 | val/total=1.6590 | val/proto=0.2650 | val/fgbf=0.7073 | val/fgbf_loss=0.7073 | val/weighted_fgbf=0.1061 | val/weighted_fgbf_loss=0.1061 | val/accuracy=0.6477 | val/kappa=0.7626 | val/mae=0.4588 | val/macro_f1=0.6639 | val/kl0_f1=0.7275 | val/kl1_recall=0.3791 | val/kl1_f1=0.3932 | val/kl2_recall=0.6179 | val/kl2_f1=0.6268 | val/low_grade_min_recall=0.3791 | val/low_grade_min_f1=0.3932 | val/low_grade_worst_class=1.0000 | val/fgbf_low_grade_accuracy=0.6263 | val/fgbf_kl0_precision=0.7085 | val/fgbf_kl0_recall=0.7409 | val/fgbf_kl0_f1=0.7243 | val/fgbf_kl1_precision=0.3651 | val/fgbf_kl1_recall=0.3007 | val/fgbf_kl1_f1=0.3297 | val/fgbf_kl2_precision=0.6473 | val/fgbf_kl2_recall=0.6840 | val/fgbf_kl2_f1=0.6651 | val/fgbf_boundary_KL1_to_KL0=65.0000 | val/fgbf_boundary_KL1_to_KL2=42.0000 | val/score=0.5716
/home/sr/cordnet/CoRD-Net/trainer.py:479: FutureWarning: `torch.cuda.amp.autocast(args...)` is deprecated. Please use `torch.amp.autocast('cuda', args...)` instead.
  with autocast(enabled=self.tcfg.amp):

============================================================
TRAIN EPOCH DEBUG
============================================================
Average logits: tensor([ 0.4127,  0.1621,  0.1437, -0.4912,  0.0714])
============================================================

First batch prediction counts: tensor([6, 2, 0, 0, 0])

========== VALIDATION HISTOGRAM ==========
Pred : [365, 139, 189, 101, 32]
True : [328, 153, 212, 106, 27]
==========================================

2026-10-08 22:28:11 | INFO     | trainer | epoch=26/60 | time=110.9s | lr=1.91e-06 | train/kl=1.0935 | train/main=1.0935 | train/total=1.4179 | train/proto=0.2149 | train/fgbf=0.7297 | train/fgbf_loss=0.7297 | train/weighted_fgbf=0.1095 | train/weighted_fgbf_loss=0.1095 | train/fgbf_grad_norm=0.4693 | train/backbone_grad_norm=35.9343 | train/compartment_grad_norm=1.1275 | train/head_grad_norm=2.7436 | train/accuracy=0.7074 | val/kl=1.2807 | val/main=1.2807 | val/total=1.6568 | val/proto=0.2662 | val/fgbf=0.7327 | val/fgbf_loss=0.7327 | val/weighted_fgbf=0.1099 | val/weighted_fgbf_loss=0.1099 | val/accuracy=0.6501 | val/kappa=0.7647 | val/mae=0.4540 | val/macro_f1=0.6725 | val/kl0_f1=0.7330 | val/kl1_recall=0.3399 | val/kl1_f1=0.3562 | val/kl2_recall=0.5943 | val/kl2_f1=0.6284 | val/low_grade_min_recall=0.3399 | val/low_grade_min_f1=0.3562 | val/low_grade_worst_class=1.0000 | val/fgbf_low_grade_accuracy=0.6248 | val/fgbf_kl0_precision=0.6891 | val/fgbf_kl0_recall=0.7500 | val/fgbf_kl0_f1=0.7182 | val/fgbf_kl1_precision=0.3724 | val/fgbf_kl1_recall=0.3529 | val/fgbf_kl1_f1=0.3624 | val/fgbf_kl2_precision=0.6963 | val/fgbf_kl2_recall=0.6274 | val/fgbf_kl2_f1=0.6600 | val/fgbf_boundary_KL1_to_KL0=72.0000 | val/fgbf_boundary_KL1_to_KL2=27.0000 | val/score=0.5644
/home/sr/cordnet/CoRD-Net/trainer.py:479: FutureWarning: `torch.cuda.amp.autocast(args...)` is deprecated. Please use `torch.amp.autocast('cuda', args...)` instead.
  with autocast(enabled=self.tcfg.amp):

============================================================
TRAIN EPOCH DEBUG
============================================================
Average logits: tensor([ 0.4243,  0.1718,  0.1380, -0.4951,  0.0523])
============================================================

First batch prediction counts: tensor([5, 3, 0, 0, 0])

========== VALIDATION HISTOGRAM ==========
Pred : [336, 163, 181, 115, 31]
True : [328, 153, 212, 106, 27]
==========================================

2026-10-08 22:30:09 | INFO     | trainer | epoch=27/60 | time=111.0s | lr=1.24e-06 | train/kl=1.0900 | train/main=1.0900 | train/total=1.4137 | train/proto=0.2147 | train/fgbf=0.7262 | train/fgbf_loss=0.7262 | train/weighted_fgbf=0.1089 | train/weighted_fgbf_loss=0.1089 | train/fgbf_grad_norm=0.4858 | train/backbone_grad_norm=36.5216 | train/compartment_grad_norm=1.1715 | train/head_grad_norm=2.7735 | train/accuracy=0.7112 | val/kl=1.3079 | val/main=1.3079 | val/total=1.6872 | val/proto=0.2689 | val/fgbf=0.7358 | val/fgbf_loss=0.7358 | val/weighted_fgbf=0.1104 | val/weighted_fgbf_loss=0.1104 | val/accuracy=0.6320 | val/kappa=0.7712 | val/mae=0.4588 | val/macro_f1=0.6515 | val/kl0_f1=0.7289 | val/kl1_recall=0.3660 | val/kl1_f1=0.3544 | val/kl2_recall=0.5519 | val/kl2_f1=0.5954 | val/low_grade_min_recall=0.3660 | val/low_grade_min_f1=0.3544 | val/low_grade_worst_class=1.0000 | val/fgbf_low_grade_accuracy=0.6263 | val/fgbf_kl0_precision=0.7155 | val/fgbf_kl0_recall=0.7439 | val/fgbf_kl0_f1=0.7294 | val/fgbf_kl1_precision=0.3618 | val/fgbf_kl1_recall=0.3595 | val/fgbf_kl1_f1=0.3607 | val/fgbf_kl2_precision=0.6750 | val/fgbf_kl2_recall=0.6368 | val/fgbf_kl2_f1=0.6553 | val/fgbf_boundary_KL1_to_KL0=62.0000 | val/fgbf_boundary_KL1_to_KL2=36.0000 | val/score=0.5456
/home/sr/cordnet/CoRD-Net/trainer.py:479: FutureWarning: `torch.cuda.amp.autocast(args...)` is deprecated. Please use `torch.amp.autocast('cuda', args...)` instead.
  with autocast(enabled=self.tcfg.amp):

============================================================
TRAIN EPOCH DEBUG
============================================================
Average logits: tensor([ 0.4184,  0.1607,  0.1349, -0.4871,  0.0609])
============================================================

First batch prediction counts: tensor([6, 2, 0, 0, 0])

========== VALIDATION HISTOGRAM ==========
Pred : [325, 159, 195, 114, 33]
True : [328, 153, 212, 106, 27]
==========================================

2026-10-08 22:32:09 | INFO     | trainer | epoch=28/60 | time=111.7s | lr=7.02e-07 | train/kl=1.0694 | train/main=1.0694 | train/total=1.3834 | train/proto=0.2074 | train/fgbf=0.7109 | train/fgbf_loss=0.7109 | train/weighted_fgbf=0.1066 | train/weighted_fgbf_loss=0.1066 | train/fgbf_grad_norm=0.4940 | train/backbone_grad_norm=37.0746 | train/compartment_grad_norm=1.1982 | train/head_grad_norm=2.7432 | train/accuracy=0.7223 | val/kl=1.3067 | val/main=1.3067 | val/total=1.6801 | val/proto=0.2653 | val/fgbf=0.7204 | val/fgbf_loss=0.7204 | val/weighted_fgbf=0.1081 | val/weighted_fgbf_loss=0.1081 | val/accuracy=0.6320 | val/kappa=0.7637 | val/mae=0.4673 | val/macro_f1=0.6531 | val/kl0_f1=0.7228 | val/kl1_recall=0.3856 | val/kl1_f1=0.3782 | val/kl2_recall=0.5708 | val/kl2_f1=0.5946 | val/low_grade_min_recall=0.3856 | val/low_grade_min_f1=0.3782 | val/low_grade_worst_class=1.0000 | val/fgbf_low_grade_accuracy=0.6335 | val/fgbf_kl0_precision=0.7259 | val/fgbf_kl0_recall=0.7348 | val/fgbf_kl0_f1=0.7303 | val/fgbf_kl1_precision=0.3816 | val/fgbf_kl1_recall=0.3791 | val/fgbf_kl1_f1=0.3803 | val/fgbf_kl2_precision=0.6699 | val/fgbf_kl2_recall=0.6604 | val/fgbf_kl2_f1=0.6651 | val/fgbf_boundary_KL1_to_KL0=61.0000 | val/fgbf_boundary_KL1_to_KL2=34.0000 | val/score=0.5531
/home/sr/cordnet/CoRD-Net/trainer.py:479: FutureWarning: `torch.cuda.amp.autocast(args...)` is deprecated. Please use `torch.amp.autocast('cuda', args...)` instead.
  with autocast(enabled=self.tcfg.amp):

============================================================
TRAIN EPOCH DEBUG
============================================================
Average logits: tensor([ 0.4085,  0.1476,  0.1516, -0.4779,  0.0716])
============================================================

First batch prediction counts: tensor([6, 2, 0, 0, 0])

========== VALIDATION HISTOGRAM ==========
Pred : [342, 174, 168, 112, 30]
True : [328, 153, 212, 106, 27]
==========================================

2026-10-08 22:34:08 | INFO     | trainer | epoch=29/60 | time=111.6s | lr=3.14e-07 | train/kl=1.0669 | train/main=1.0669 | train/total=1.3842 | train/proto=0.2100 | train/fgbf=0.7159 | train/fgbf_loss=0.7159 | train/weighted_fgbf=0.1074 | train/weighted_fgbf_loss=0.1074 | train/fgbf_grad_norm=0.4992 | train/backbone_grad_norm=37.2702 | train/compartment_grad_norm=1.2055 | train/head_grad_norm=2.7418 | train/accuracy=0.7265 | val/kl=1.2907 | val/main=1.2907 | val/total=1.6620 | val/proto=0.2622 | val/fgbf=0.7278 | val/fgbf_loss=0.7278 | val/weighted_fgbf=0.1092 | val/weighted_fgbf_loss=0.1092 | val/accuracy=0.6453 | val/kappa=0.7907 | val/mae=0.4298 | val/macro_f1=0.6720 | val/kl0_f1=0.7463 | val/kl1_recall=0.3856 | val/kl1_f1=0.3609 | val/kl2_recall=0.5425 | val/kl2_f1=0.6053 | val/low_grade_min_recall=0.3856 | val/low_grade_min_f1=0.3609 | val/low_grade_worst_class=1.0000 | val/fgbf_low_grade_accuracy=0.6320 | val/fgbf_kl0_precision=0.7192 | val/fgbf_kl0_recall=0.7652 | val/fgbf_kl0_f1=0.7415 | val/fgbf_kl1_precision=0.3529 | val/fgbf_kl1_recall=0.3529 | val/fgbf_kl1_f1=0.3529 | val/fgbf_kl2_precision=0.6963 | val/fgbf_kl2_recall=0.6274 | val/fgbf_kl2_f1=0.6600 | val/fgbf_boundary_KL1_to_KL0=69.0000 | val/fgbf_boundary_KL1_to_KL2=30.0000 | val/score=0.5587
/home/sr/cordnet/CoRD-Net/trainer.py:479: FutureWarning: `torch.cuda.amp.autocast(args...)` is deprecated. Please use `torch.amp.autocast('cuda', args...)` instead.
  with autocast(enabled=self.tcfg.amp):

============================================================
TRAIN EPOCH DEBUG
============================================================
Average logits: tensor([ 0.4311,  0.1878,  0.1193, -0.5223,  0.0731])
============================================================

First batch prediction counts: tensor([5, 3, 0, 0, 0])

========== VALIDATION HISTOGRAM ==========
Pred : [319, 165, 197, 112, 33]
True : [328, 153, 212, 106, 27]
==========================================

2026-10-08 22:36:07 | INFO     | trainer | epoch=30/60 | time=111.4s | lr=7.89e-08 | train/kl=1.0611 | train/main=1.0611 | train/total=1.3722 | train/proto=0.2048 | train/fgbf=0.7082 | train/fgbf_loss=0.7082 | train/weighted_fgbf=0.1062 | train/weighted_fgbf_loss=0.1062 | train/fgbf_grad_norm=0.4938 | train/backbone_grad_norm=37.1429 | train/compartment_grad_norm=1.2215 | train/head_grad_norm=2.7580 | train/accuracy=0.7251 | val/kl=1.3015 | val/main=1.3015 | val/total=1.6723 | val/proto=0.2627 | val/fgbf=0.7210 | val/fgbf_loss=0.7210 | val/weighted_fgbf=0.1082 | val/weighted_fgbf_loss=0.1082 | val/accuracy=0.6441 | val/kappa=0.7733 | val/mae=0.4479 | val/macro_f1=0.6643 | val/kl0_f1=0.7326 | val/kl1_recall=0.4118 | val/kl1_f1=0.3962 | val/kl2_recall=0.5943 | val/kl2_f1=0.6161 | val/low_grade_min_recall=0.4118 | val/low_grade_min_f1=0.3962 | val/low_grade_worst_class=1.0000 | val/fgbf_low_grade_accuracy=0.6378 | val/fgbf_kl0_precision=0.7265 | val/fgbf_kl0_recall=0.7530 | val/fgbf_kl0_f1=0.7395 | val/fgbf_kl1_precision=0.3806 | val/fgbf_kl1_recall=0.3856 | val/fgbf_kl1_f1=0.3831 | val/fgbf_kl2_precision=0.6869 | val/fgbf_kl2_recall=0.6415 | val/fgbf_kl2_f1=0.6634 | val/fgbf_boundary_KL1_to_KL0=62.0000 | val/fgbf_boundary_KL1_to_KL2=32.0000 | val/score=0.5694
2026-10-08 22:36:07 | INFO     | utils | Checkpoint saved → checkpoints/e7_epoch0030.pt
/home/sr/cordnet/CoRD-Net/trainer.py:479: FutureWarning: `torch.cuda.amp.autocast(args...)` is deprecated. Please use `torch.amp.autocast('cuda', args...)` instead.
  with autocast(enabled=self.tcfg.amp):

============================================================
TRAIN EPOCH DEBUG
============================================================
Average logits: tensor([ 0.4297,  0.1899,  0.1488, -0.5246,  0.0786])
============================================================

First batch prediction counts: tensor([6, 2, 0, 0, 0])

========== VALIDATION HISTOGRAM ==========
Pred : [326, 164, 201, 104, 31]
True : [328, 153, 212, 106, 27]
==========================================

2026-10-08 22:38:06 | INFO     | trainer | epoch=31/60 | time=111.4s | lr=0.00e+00 | train/kl=1.0787 | train/main=1.0787 | train/total=1.3941 | train/proto=0.2095 | train/fgbf=0.7063 | train/fgbf_loss=0.7063 | train/weighted_fgbf=0.1059 | train/weighted_fgbf_loss=0.1059 | train/fgbf_grad_norm=0.4925 | train/backbone_grad_norm=37.3043 | train/compartment_grad_norm=1.2489 | train/head_grad_norm=2.8154 | train/accuracy=0.7228 | val/kl=1.2864 | val/main=1.2864 | val/total=1.6563 | val/proto=0.2609 | val/fgbf=0.7269 | val/fgbf_loss=0.7269 | val/weighted_fgbf=0.1090 | val/weighted_fgbf_loss=0.1090 | val/accuracy=0.6283 | val/kappa=0.7752 | val/mae=0.4564 | val/macro_f1=0.6580 | val/kl0_f1=0.7217 | val/kl1_recall=0.3464 | val/kl1_f1=0.3344 | val/kl2_recall=0.5849 | val/kl2_f1=0.6005 | val/low_grade_min_recall=0.3464 | val/low_grade_min_f1=0.3344 | val/low_grade_worst_class=1.0000 | val/fgbf_low_grade_accuracy=0.6219 | val/fgbf_kl0_precision=0.7080 | val/fgbf_kl0_recall=0.7317 | val/fgbf_kl0_f1=0.7196 | val/fgbf_kl1_precision=0.3624 | val/fgbf_kl1_recall=0.3529 | val/fgbf_kl1_f1=0.3576 | val/fgbf_kl2_precision=0.6683 | val/fgbf_kl2_recall=0.6462 | val/fgbf_kl2_f1=0.6571 | val/fgbf_boundary_KL1_to_KL0=66.0000 | val/fgbf_boundary_KL1_to_KL2=33.0000 | val/score=0.5437
/home/sr/cordnet/CoRD-Net/trainer.py:479: FutureWarning: `torch.cuda.amp.autocast(args...)` is deprecated. Please use `torch.amp.autocast('cuda', args...)` instead.
  with autocast(enabled=self.tcfg.amp):

============================================================
TRAIN EPOCH DEBUG
============================================================
Average logits: tensor([ 0.4231,  0.1914,  0.1422, -0.5198,  0.0822])
============================================================

First batch prediction counts: tensor([5, 2, 1, 0, 0])

========== VALIDATION HISTOGRAM ==========
Pred : [339, 161, 191, 103, 32]
True : [328, 153, 212, 106, 27]
==========================================

2026-10-08 22:40:05 | INFO     | trainer | epoch=32/60 | time=111.6s | lr=7.89e-08 | train/kl=1.0637 | train/main=1.0637 | train/total=1.3750 | train/proto=0.2049 | train/fgbf=0.7095 | train/fgbf_loss=0.7095 | train/weighted_fgbf=0.1064 | train/weighted_fgbf_loss=0.1064 | train/fgbf_grad_norm=0.4908 | train/backbone_grad_norm=37.0080 | train/compartment_grad_norm=1.2247 | train/head_grad_norm=2.6937 | train/accuracy=0.7226 | val/kl=1.2929 | val/main=1.2929 | val/total=1.6605 | val/proto=0.2603 | val/fgbf=0.7154 | val/fgbf_loss=0.7154 | val/weighted_fgbf=0.1073 | val/weighted_fgbf_loss=0.1073 | val/accuracy=0.6453 | val/kappa=0.7769 | val/mae=0.4443 | val/macro_f1=0.6752 | val/kl0_f1=0.7316 | val/kl1_recall=0.3725 | val/kl1_f1=0.3631 | val/kl2_recall=0.5849 | val/kl2_f1=0.6154 | val/low_grade_min_recall=0.3725 | val/low_grade_min_f1=0.3631 | val/low_grade_worst_class=1.0000 | val/fgbf_low_grade_accuracy=0.6263 | val/fgbf_kl0_precision=0.7156 | val/fgbf_kl0_recall=0.7287 | val/fgbf_kl0_f1=0.7221 | val/fgbf_kl1_precision=0.3648 | val/fgbf_kl1_recall=0.3791 | val/fgbf_kl1_f1=0.3718 | val/fgbf_kl2_precision=0.6850 | val/fgbf_kl2_recall=0.6462 | val/fgbf_kl2_f1=0.6650 | val/fgbf_boundary_KL1_to_KL0=63.0000 | val/fgbf_boundary_KL1_to_KL2=32.0000 | val/score=0.5636
/home/sr/cordnet/CoRD-Net/trainer.py:479: FutureWarning: `torch.cuda.amp.autocast(args...)` is deprecated. Please use `torch.amp.autocast('cuda', args...)` instead.
  with autocast(enabled=self.tcfg.amp):

============================================================
TRAIN EPOCH DEBUG
============================================================
Average logits: tensor([ 0.4068,  0.1758,  0.1550, -0.4957,  0.0792])
============================================================

First batch prediction counts: tensor([5, 2, 1, 0, 0])

========== VALIDATION HISTOGRAM ==========
Pred : [341, 148, 202, 101, 34]
True : [328, 153, 212, 106, 27]
==========================================

2026-10-08 22:42:04 | INFO     | trainer | epoch=33/60 | time=111.0s | lr=3.14e-07 | train/kl=1.0649 | train/main=1.0649 | train/total=1.3806 | train/proto=0.2086 | train/fgbf=0.7136 | train/fgbf_loss=0.7136 | train/weighted_fgbf=0.1070 | train/weighted_fgbf_loss=0.1070 | train/fgbf_grad_norm=0.5118 | train/backbone_grad_norm=37.6446 | train/compartment_grad_norm=1.2344 | train/head_grad_norm=2.7702 | train/accuracy=0.7275 | val/kl=1.2909 | val/main=1.2909 | val/total=1.6580 | val/proto=0.2595 | val/fgbf=0.7168 | val/fgbf_loss=0.7168 | val/weighted_fgbf=0.1075 | val/weighted_fgbf_loss=0.1075 | val/accuracy=0.6453 | val/kappa=0.7698 | val/mae=0.4504 | val/macro_f1=0.6602 | val/kl0_f1=0.7324 | val/kl1_recall=0.3660 | val/kl1_f1=0.3721 | val/kl2_recall=0.6085 | val/kl2_f1=0.6232 | val/low_grade_min_recall=0.3660 | val/low_grade_min_f1=0.3721 | val/low_grade_worst_class=1.0000 | val/fgbf_low_grade_accuracy=0.6320 | val/fgbf_kl0_precision=0.7109 | val/fgbf_kl0_recall=0.7348 | val/fgbf_kl0_f1=0.7226 | val/fgbf_kl1_precision=0.3655 | val/fgbf_kl1_recall=0.3464 | val/fgbf_kl1_f1=0.3557 | val/fgbf_kl2_precision=0.6890 | val/fgbf_kl2_recall=0.6792 | val/fgbf_kl2_f1=0.6841 | val/fgbf_boundary_KL1_to_KL0=66.0000 | val/fgbf_boundary_KL1_to_KL2=34.0000 | val/score=0.5627
/home/sr/cordnet/CoRD-Net/trainer.py:479: FutureWarning: `torch.cuda.amp.autocast(args...)` is deprecated. Please use `torch.amp.autocast('cuda', args...)` instead.
  with autocast(enabled=self.tcfg.amp):

============================================================
TRAIN EPOCH DEBUG
============================================================
Average logits: tensor([ 0.4124,  0.1645,  0.1255, -0.4949,  0.0794])
============================================================

First batch prediction counts: tensor([6, 2, 0, 0, 0])

========== VALIDATION HISTOGRAM ==========
Pred : [320, 159, 210, 105, 32]
True : [328, 153, 212, 106, 27]
==========================================

2026-10-08 22:44:02 | INFO     | trainer | epoch=34/60 | time=111.0s | lr=7.02e-07 | train/kl=1.0732 | train/main=1.0732 | train/total=1.3901 | train/proto=0.2102 | train/fgbf=0.7114 | train/fgbf_loss=0.7114 | train/weighted_fgbf=0.1067 | train/weighted_fgbf_loss=0.1067 | train/fgbf_grad_norm=0.5070 | train/backbone_grad_norm=37.4148 | train/compartment_grad_norm=1.2434 | train/head_grad_norm=2.7260 | train/accuracy=0.7213 | val/kl=1.2927 | val/main=1.2927 | val/total=1.6591 | val/proto=0.2589 | val/fgbf=0.7163 | val/fgbf_loss=0.7163 | val/weighted_fgbf=0.1074 | val/weighted_fgbf_loss=0.1074 | val/accuracy=0.6513 | val/kappa=0.7683 | val/mae=0.4467 | val/macro_f1=0.6752 | val/kl0_f1=0.7346 | val/kl1_recall=0.4183 | val/kl1_f1=0.4103 | val/kl2_recall=0.6132 | val/kl2_f1=0.6161 | val/low_grade_min_recall=0.4183 | val/low_grade_min_f1=0.4103 | val/low_grade_worst_class=1.0000 | val/fgbf_low_grade_accuracy=0.6392 | val/fgbf_kl0_precision=0.7302 | val/fgbf_kl0_recall=0.7591 | val/fgbf_kl0_f1=0.7444 | val/fgbf_kl1_precision=0.3759 | val/fgbf_kl1_recall=0.3464 | val/fgbf_kl1_f1=0.3605 | val/fgbf_kl2_precision=0.6682 | val/fgbf_kl2_recall=0.6651 | val/fgbf_kl2_f1=0.6667 | val/fgbf_boundary_KL1_to_KL0=63.0000 | val/fgbf_boundary_KL1_to_KL2=37.0000 | val/score=0.5780
/home/sr/cordnet/CoRD-Net/trainer.py:479: FutureWarning: `torch.cuda.amp.autocast(args...)` is deprecated. Please use `torch.amp.autocast('cuda', args...)` instead.
  with autocast(enabled=self.tcfg.amp):

============================================================
TRAIN EPOCH DEBUG
============================================================
Average logits: tensor([ 0.4167,  0.1504,  0.1457, -0.4924,  0.0711])
============================================================

First batch prediction counts: tensor([5, 2, 1, 0, 0])

========== VALIDATION HISTOGRAM ==========
Pred : [319, 180, 193, 104, 30]
True : [328, 153, 212, 106, 27]
==========================================

2026-10-08 22:46:00 | INFO     | trainer | epoch=35/60 | time=110.8s | lr=1.24e-06 | train/kl=1.0581 | train/main=1.0581 | train/total=1.3688 | train/proto=0.2044 | train/fgbf=0.7083 | train/fgbf_loss=0.7083 | train/weighted_fgbf=0.1062 | train/weighted_fgbf_loss=0.1062 | train/fgbf_grad_norm=0.5194 | train/backbone_grad_norm=37.7742 | train/compartment_grad_norm=1.2879 | train/head_grad_norm=2.7382 | train/accuracy=0.7268 | val/kl=1.2980 | val/main=1.2980 | val/total=1.6696 | val/proto=0.2633 | val/fgbf=0.7219 | val/fgbf_loss=0.7219 | val/weighted_fgbf=0.1083 | val/weighted_fgbf_loss=0.1083 | val/accuracy=0.6368 | val/kappa=0.7739 | val/mae=0.4492 | val/macro_f1=0.6577 | val/kl0_f1=0.7264 | val/kl1_recall=0.4248 | val/kl1_f1=0.3904 | val/kl2_recall=0.5849 | val/kl2_f1=0.6123 | val/low_grade_min_recall=0.4248 | val/low_grade_min_f1=0.3904 | val/low_grade_worst_class=1.0000 | val/fgbf_low_grade_accuracy=0.6291 | val/fgbf_kl0_precision=0.7151 | val/fgbf_kl0_recall=0.7500 | val/fgbf_kl0_f1=0.7321 | val/fgbf_kl1_precision=0.3694 | val/fgbf_kl1_recall=0.3791 | val/fgbf_kl1_f1=0.3742 | val/fgbf_kl2_precision=0.6875 | val/fgbf_kl2_recall=0.6226 | val/fgbf_kl2_f1=0.6535 | val/fgbf_boundary_KL1_to_KL0=61.0000 | val/fgbf_boundary_KL1_to_KL2=34.0000 | val/score=0.5639
/home/sr/cordnet/CoRD-Net/trainer.py:479: FutureWarning: `torch.cuda.amp.autocast(args...)` is deprecated. Please use `torch.amp.autocast('cuda', args...)` instead.
  with autocast(enabled=self.tcfg.amp):

============================================================
TRAIN EPOCH DEBUG
============================================================
Average logits: tensor([ 0.3995,  0.1724,  0.1201, -0.4964,  0.0673])
============================================================

First batch prediction counts: tensor([7, 1, 0, 0, 0])

========== VALIDATION HISTOGRAM ==========
Pred : [339, 124, 228, 105, 30]
True : [328, 153, 212, 106, 27]
==========================================

2026-10-08 22:47:59 | INFO     | trainer | epoch=36/60 | time=111.2s | lr=1.91e-06 | train/kl=1.0587 | train/main=1.0587 | train/total=1.3696 | train/proto=0.2056 | train/fgbf=0.7019 | train/fgbf_loss=0.7019 | train/weighted_fgbf=0.1053 | train/weighted_fgbf_loss=0.1053 | train/fgbf_grad_norm=0.5109 | train/backbone_grad_norm=37.7963 | train/compartment_grad_norm=1.2644 | train/head_grad_norm=2.7729 | train/accuracy=0.7240 | val/kl=1.2759 | val/main=1.2759 | val/total=1.6400 | val/proto=0.2588 | val/fgbf=0.7021 | val/fgbf_loss=0.7021 | val/weighted_fgbf=0.1053 | val/weighted_fgbf_loss=0.1053 | val/accuracy=0.6598 | val/kappa=0.7717 | val/mae=0.4383 | val/macro_f1=0.6716 | val/kl0_f1=0.7466 | val/kl1_recall=0.3137 | val/kl1_f1=0.3466 | val/kl2_recall=0.6698 | val/kl2_f1=0.6455 | val/low_grade_min_recall=0.3137 | val/low_grade_min_f1=0.3466 | val/low_grade_worst_class=1.0000 | val/fgbf_low_grade_accuracy=0.6623 | val/fgbf_kl0_precision=0.7312 | val/fgbf_kl0_recall=0.7713 | val/fgbf_kl0_f1=0.7507 | val/fgbf_kl1_precision=0.4427 | val/fgbf_kl1_recall=0.3791 | val/fgbf_kl1_f1=0.4085 | val/fgbf_kl2_precision=0.6852 | val/fgbf_kl2_recall=0.6981 | val/fgbf_kl2_f1=0.6916 | val/fgbf_boundary_KL1_to_KL0=59.0000 | val/fgbf_boundary_KL1_to_KL2=36.0000 | val/score=0.5662
/home/sr/cordnet/CoRD-Net/trainer.py:479: FutureWarning: `torch.cuda.amp.autocast(args...)` is deprecated. Please use `torch.amp.autocast('cuda', args...)` instead.
  with autocast(enabled=self.tcfg.amp):

============================================================
TRAIN EPOCH DEBUG
============================================================
Average logits: tensor([ 0.4262,  0.1454,  0.1209, -0.5052,  0.0715])
============================================================

First batch prediction counts: tensor([5, 2, 1, 0, 0])

========== VALIDATION HISTOGRAM ==========
Pred : [306, 175, 207, 105, 33]
True : [328, 153, 212, 106, 27]
==========================================

2026-10-08 22:49:58 | INFO     | utils | Checkpoint saved → checkpoints/e7_best.pt
2026-10-08 22:49:58 | INFO     | trainer | epoch=37/60 | time=111.0s | lr=2.71e-06 | train/kl=1.0542 | train/main=1.0542 | train/total=1.3628 | train/proto=0.2025 | train/fgbf=0.7076 | train/fgbf_loss=0.7076 | train/weighted_fgbf=0.1061 | train/weighted_fgbf_loss=0.1061 | train/fgbf_grad_norm=0.5550 | train/backbone_grad_norm=39.5269 | train/compartment_grad_norm=1.3125 | train/head_grad_norm=2.7702 | train/accuracy=0.7349 | val/kl=1.2949 | val/main=1.2949 | val/total=1.6727 | val/proto=0.2661 | val/fgbf=0.7443 | val/fgbf_loss=0.7443 | val/weighted_fgbf=0.1116 | val/weighted_fgbf_loss=0.1116 | val/accuracy=0.6501 | val/kappa=0.7738 | val/mae=0.4395 | val/macro_f1=0.6751 | val/kl0_f1=0.7287 | val/kl1_recall=0.4248 | val/kl1_f1=0.3963 | val/kl2_recall=0.6321 | val/kl2_f1=0.6396 | val/low_grade_min_recall=0.4248 | val/low_grade_min_f1=0.3963 | val/low_grade_worst_class=1.0000 | val/fgbf_low_grade_accuracy=0.6306 | val/fgbf_kl0_precision=0.7793 | val/fgbf_kl0_recall=0.6890 | val/fgbf_kl0_f1=0.7314 | val/fgbf_kl1_precision=0.3563 | val/fgbf_kl1_recall=0.3725 | val/fgbf_kl1_f1=0.3642 | val/fgbf_kl2_precision=0.6337 | val/fgbf_kl2_recall=0.7264 | val/fgbf_kl2_f1=0.6769 | val/fgbf_boundary_KL1_to_KL0=46.0000 | val/fgbf_boundary_KL1_to_KL2=50.0000 | val/score=0.5808
/home/sr/cordnet/CoRD-Net/trainer.py:479: FutureWarning: `torch.cuda.amp.autocast(args...)` is deprecated. Please use `torch.amp.autocast('cuda', args...)` instead.
  with autocast(enabled=self.tcfg.amp):

============================================================
TRAIN EPOCH DEBUG
============================================================
Average logits: tensor([ 0.4124,  0.1767,  0.1546, -0.5138,  0.1053])
============================================================

First batch prediction counts: tensor([4, 3, 1, 0, 0])

========== VALIDATION HISTOGRAM ==========
Pred : [236, 234, 216, 106, 34]
True : [328, 153, 212, 106, 27]
==========================================

2026-10-08 22:51:57 | INFO     | trainer | epoch=38/60 | time=111.2s | lr=3.63e-06 | train/kl=1.0545 | train/main=1.0545 | train/total=1.3639 | train/proto=0.2031 | train/fgbf=0.7086 | train/fgbf_loss=0.7086 | train/weighted_fgbf=0.1063 | train/weighted_fgbf_loss=0.1063 | train/fgbf_grad_norm=0.5367 | train/backbone_grad_norm=39.1175 | train/compartment_grad_norm=1.2965 | train/head_grad_norm=2.7914 | train/accuracy=0.7311 | val/kl=1.3403 | val/main=1.3403 | val/total=1.7252 | val/proto=0.2686 | val/fgbf=0.7759 | val/fgbf_loss=0.7759 | val/weighted_fgbf=0.1164 | val/weighted_fgbf_loss=0.1164 | val/accuracy=0.6138 | val/kappa=0.7760 | val/mae=0.4564 | val/macro_f1=0.6652 | val/kl0_f1=0.6489 | val/kl1_recall=0.4902 | val/kl1_f1=0.3876 | val/kl2_recall=0.6604 | val/kl2_f1=0.6542 | val/low_grade_min_recall=0.4902 | val/low_grade_min_f1=0.3876 | val/low_grade_worst_class=1.0000 | val/fgbf_low_grade_accuracy=0.6017 | val/fgbf_kl0_precision=0.7792 | val/fgbf_kl0_recall=0.5701 | val/fgbf_kl0_f1=0.6585 | val/fgbf_kl1_precision=0.3333 | val/fgbf_kl1_recall=0.4575 | val/fgbf_kl1_f1=0.3857 | val/fgbf_kl2_precision=0.6584 | val/fgbf_kl2_recall=0.7547 | val/fgbf_kl2_f1=0.7033 | val/fgbf_boundary_KL1_to_KL0=40.0000 | val/fgbf_boundary_KL1_to_KL2=43.0000 | val/score=0.5786
/home/sr/cordnet/CoRD-Net/trainer.py:479: FutureWarning: `torch.cuda.amp.autocast(args...)` is deprecated. Please use `torch.amp.autocast('cuda', args...)` instead.
  with autocast(enabled=self.tcfg.amp):

============================================================
TRAIN EPOCH DEBUG
============================================================
Average logits: tensor([ 0.4241,  0.1654,  0.1209, -0.4829,  0.1152])
============================================================

First batch prediction counts: tensor([5, 2, 1, 0, 0])

========== VALIDATION HISTOGRAM ==========
Pred : [342, 156, 186, 116, 26]
True : [328, 153, 212, 106, 27]
==========================================

2026-10-08 22:53:55 | INFO     | trainer | epoch=39/60 | time=110.8s | lr=4.64e-06 | train/kl=1.0361 | train/main=1.0361 | train/total=1.3330 | train/proto=0.1946 | train/fgbf=0.6820 | train/fgbf_loss=0.6820 | train/weighted_fgbf=0.1023 | train/weighted_fgbf_loss=0.1023 | train/fgbf_grad_norm=0.5513 | train/backbone_grad_norm=39.7423 | train/compartment_grad_norm=1.3529 | train/head_grad_norm=2.7784 | train/accuracy=0.7464 | val/kl=1.2750 | val/main=1.2750 | val/total=1.6322 | val/proto=0.2546 | val/fgbf=0.6835 | val/fgbf_loss=0.6835 | val/weighted_fgbf=0.1025 | val/weighted_fgbf_loss=0.1025 | val/accuracy=0.6562 | val/kappa=0.7866 | val/mae=0.4274 | val/macro_f1=0.6809 | val/kl0_f1=0.7403 | val/kl1_recall=0.3791 | val/kl1_f1=0.3754 | val/kl2_recall=0.5896 | val/kl2_f1=0.6281 | val/low_grade_min_recall=0.3791 | val/low_grade_min_f1=0.3754 | val/low_grade_worst_class=1.0000 | val/fgbf_low_grade_accuracy=0.6378 | val/fgbf_kl0_precision=0.7235 | val/fgbf_kl0_recall=0.7500 | val/fgbf_kl0_f1=0.7365 | val/fgbf_kl1_precision=0.3642 | val/fgbf_kl1_recall=0.3595 | val/fgbf_kl1_f1=0.3618 | val/fgbf_kl2_precision=0.6980 | val/fgbf_kl2_recall=0.6651 | val/fgbf_kl2_f1=0.6812 | val/fgbf_boundary_KL1_to_KL0=66.0000 | val/fgbf_boundary_KL1_to_KL2=32.0000 | val/score=0.5734
/home/sr/cordnet/CoRD-Net/trainer.py:479: FutureWarning: `torch.cuda.amp.autocast(args...)` is deprecated. Please use `torch.amp.autocast('cuda', args...)` instead.
  with autocast(enabled=self.tcfg.amp):

============================================================
TRAIN EPOCH DEBUG
============================================================
Average logits: tensor([ 0.4122,  0.1933,  0.1024, -0.5110,  0.1317])
============================================================

First batch prediction counts: tensor([4, 3, 1, 0, 0])

========== VALIDATION HISTOGRAM ==========
Pred : [298, 179, 206, 112, 31]
True : [328, 153, 212, 106, 27]
==========================================

2026-10-08 22:55:54 | INFO     | trainer | epoch=40/60 | time=111.0s | lr=5.74e-06 | train/kl=1.0083 | train/main=1.0083 | train/total=1.2917 | train/proto=0.1836 | train/fgbf=0.6656 | train/fgbf_loss=0.6656 | train/weighted_fgbf=0.0998 | train/weighted_fgbf_loss=0.0998 | train/fgbf_grad_norm=0.5713 | train/backbone_grad_norm=41.3750 | train/compartment_grad_norm=1.3302 | train/head_grad_norm=2.7327 | train/accuracy=0.7597 | val/kl=1.3206 | val/main=1.3206 | val/total=1.7173 | val/proto=0.2759 | val/fgbf=0.8053 | val/fgbf_loss=0.8053 | val/weighted_fgbf=0.1208 | val/weighted_fgbf_loss=0.1208 | val/accuracy=0.6404 | val/kappa=0.7694 | val/mae=0.4504 | val/macro_f1=0.6677 | val/kl0_f1=0.7157 | val/kl1_recall=0.4314 | val/kl1_f1=0.3976 | val/kl2_recall=0.6179 | val/kl2_f1=0.6268 | val/low_grade_min_recall=0.4314 | val/low_grade_min_f1=0.3976 | val/low_grade_worst_class=1.0000 | val/fgbf_low_grade_accuracy=0.5974 | val/fgbf_kl0_precision=0.7463 | val/fgbf_kl0_recall=0.6098 | val/fgbf_kl0_f1=0.6711 | val/fgbf_kl1_precision=0.3280 | val/fgbf_kl1_recall=0.3987 | val/fgbf_kl1_f1=0.3599 | val/fgbf_kl2_precision=0.6402 | val/fgbf_kl2_recall=0.7217 | val/fgbf_kl2_f1=0.6785 | val/fgbf_boundary_KL1_to_KL0=50.0000 | val/fgbf_boundary_KL1_to_KL2=42.0000 | val/score=0.5744
2026-10-08 22:55:54 | INFO     | utils | Checkpoint saved → checkpoints/e7_epoch0040.pt
/home/sr/cordnet/CoRD-Net/trainer.py:479: FutureWarning: `torch.cuda.amp.autocast(args...)` is deprecated. Please use `torch.amp.autocast('cuda', args...)` instead.
  with autocast(enabled=self.tcfg.amp):

============================================================
TRAIN EPOCH DEBUG
============================================================
Average logits: tensor([ 0.4036,  0.1648,  0.1056, -0.5165,  0.1226])
============================================================

First batch prediction counts: tensor([7, 1, 0, 0, 0])

========== VALIDATION HISTOGRAM ==========
Pred : [374, 144, 173, 105, 30]
True : [328, 153, 212, 106, 27]
==========================================

2026-10-08 22:57:52 | INFO     | trainer | epoch=41/60 | time=111.0s | lr=6.91e-06 | train/kl=1.0139 | train/main=1.0139 | train/total=1.3045 | train/proto=0.1890 | train/fgbf=0.6775 | train/fgbf_loss=0.6775 | train/weighted_fgbf=0.1016 | train/weighted_fgbf_loss=0.1016 | train/fgbf_grad_norm=0.5602 | train/backbone_grad_norm=40.3160 | train/compartment_grad_norm=1.3437 | train/head_grad_norm=2.8034 | train/accuracy=0.7633 | val/kl=1.3022 | val/main=1.3022 | val/total=1.6858 | val/proto=0.2724 | val/fgbf=0.7413 | val/fgbf_loss=0.7413 | val/weighted_fgbf=0.1112 | val/weighted_fgbf_loss=0.1112 | val/accuracy=0.6622 | val/kappa=0.7910 | val/mae=0.4237 | val/macro_f1=0.6817 | val/kl0_f1=0.7521 | val/kl1_recall=0.3725 | val/kl1_f1=0.3838 | val/kl2_recall=0.5613 | val/kl2_f1=0.6182 | val/low_grade_min_recall=0.3725 | val/low_grade_min_f1=0.3838 | val/low_grade_worst_class=1.0000 | val/fgbf_low_grade_accuracy=0.6681 | val/fgbf_kl0_precision=0.6894 | val/fgbf_kl0_recall=0.8323 | val/fgbf_kl0_f1=0.7541 | val/fgbf_kl1_precision=0.4419 | val/fgbf_kl1_recall=0.3725 | val/fgbf_kl1_f1=0.4043 | val/fgbf_kl2_precision=0.7917 | val/fgbf_kl2_recall=0.6274 | val/fgbf_kl2_f1=0.7000 | val/fgbf_boundary_KL1_to_KL0=80.0000 | val/fgbf_boundary_KL1_to_KL2=16.0000 | val/score=0.5733
/home/sr/cordnet/CoRD-Net/trainer.py:479: FutureWarning: `torch.cuda.amp.autocast(args...)` is deprecated. Please use `torch.amp.autocast('cuda', args...)` instead.
  with autocast(enabled=self.tcfg.amp):

============================================================
TRAIN EPOCH DEBUG
============================================================
Average logits: tensor([ 0.4122,  0.1376,  0.1039, -0.5029,  0.1183])
============================================================

First batch prediction counts: tensor([7, 0, 0, 0, 1])

========== VALIDATION HISTOGRAM ==========
Pred : [393, 94, 211, 94, 34]
True : [328, 153, 212, 106, 27]
==========================================

2026-10-08 22:59:51 | INFO     | trainer | epoch=42/60 | time=111.0s | lr=8.13e-06 | train/kl=1.0218 | train/main=1.0218 | train/total=1.3129 | train/proto=0.1900 | train/fgbf=0.6744 | train/fgbf_loss=0.6744 | train/weighted_fgbf=0.1012 | train/weighted_fgbf_loss=0.1012 | train/fgbf_grad_norm=0.5692 | train/backbone_grad_norm=40.2857 | train/compartment_grad_norm=1.3327 | train/head_grad_norm=2.8154 | train/accuracy=0.7474 | val/kl=1.2775 | val/main=1.2775 | val/total=1.6562 | val/proto=0.2701 | val/fgbf=0.7240 | val/fgbf_loss=0.7240 | val/weighted_fgbf=0.1086 | val/weighted_fgbf_loss=0.1086 | val/accuracy=0.6610 | val/kappa=0.7691 | val/mae=0.4467 | val/macro_f1=0.6585 | val/kl0_f1=0.7490 | val/kl1_recall=0.2745 | val/kl1_f1=0.3401 | val/kl2_recall=0.6321 | val/kl2_f1=0.6336 | val/low_grade_min_recall=0.2745 | val/low_grade_min_f1=0.3401 | val/low_grade_worst_class=1.0000 | val/fgbf_low_grade_accuracy=0.6450 | val/fgbf_kl0_precision=0.6741 | val/fgbf_kl0_recall=0.8323 | val/fgbf_kl0_f1=0.7449 | val/fgbf_kl1_precision=0.3951 | val/fgbf_kl1_recall=0.2092 | val/fgbf_kl1_f1=0.2735 | val/fgbf_kl2_precision=0.6860 | val/fgbf_kl2_recall=0.6698 | val/fgbf_kl2_f1=0.6778 | val/fgbf_boundary_KL1_to_KL0=86.0000 | val/fgbf_boundary_KL1_to_KL2=35.0000 | val/score=0.5555
/home/sr/cordnet/CoRD-Net/trainer.py:479: FutureWarning: `torch.cuda.amp.autocast(args...)` is deprecated. Please use `torch.amp.autocast('cuda', args...)` instead.
  with autocast(enabled=self.tcfg.amp):

============================================================
TRAIN EPOCH DEBUG
============================================================
Average logits: tensor([ 0.4312,  0.1227,  0.1075, -0.4813,  0.0773])
============================================================

First batch prediction counts: tensor([4, 3, 1, 0, 0])

========== VALIDATION HISTOGRAM ==========
Pred : [265, 244, 164, 124, 29]
True : [328, 153, 212, 106, 27]
==========================================

2026-10-08 23:01:50 | INFO     | trainer | epoch=43/60 | time=111.3s | lr=9.37e-06 | train/kl=1.1048 | train/main=1.1048 | train/total=1.4277 | train/proto=0.2148 | train/fgbf=0.7205 | train/fgbf_loss=0.7205 | train/weighted_fgbf=0.1081 | train/weighted_fgbf_loss=0.1081 | train/fgbf_grad_norm=0.5087 | train/backbone_grad_norm=37.6114 | train/compartment_grad_norm=1.2432 | train/head_grad_norm=2.8701 | train/accuracy=0.7020 | val/kl=1.3680 | val/main=1.3680 | val/total=1.7504 | val/proto=0.2703 | val/fgbf=0.7472 | val/fgbf_loss=0.7472 | val/weighted_fgbf=0.1121 | val/weighted_fgbf_loss=0.1121 | val/accuracy=0.6090 | val/kappa=0.7762 | val/mae=0.4613 | val/macro_f1=0.6483 | val/kl0_f1=0.6880 | val/kl1_recall=0.5359 | val/kl1_f1=0.4131 | val/kl2_recall=0.5142 | val/kl2_f1=0.5798 | val/low_grade_min_recall=0.5142 | val/low_grade_min_f1=0.4131 | val/low_grade_worst_class=2.0000 | val/fgbf_low_grade_accuracy=0.6147 | val/fgbf_kl0_precision=0.7360 | val/fgbf_kl0_recall=0.6799 | val/fgbf_kl0_f1=0.7068 | val/fgbf_kl1_precision=0.3529 | val/fgbf_kl1_recall=0.4706 | val/fgbf_kl1_f1=0.4034 | val/fgbf_kl2_precision=0.7043 | val/fgbf_kl2_recall=0.6179 | val/fgbf_kl2_f1=0.6583 | val/fgbf_boundary_KL1_to_KL0=50.0000 | val/fgbf_boundary_KL1_to_KL2=31.0000 | val/score=0.5572
/home/sr/cordnet/CoRD-Net/trainer.py:479: FutureWarning: `torch.cuda.amp.autocast(args...)` is deprecated. Please use `torch.amp.autocast('cuda', args...)` instead.
  with autocast(enabled=self.tcfg.amp):

============================================================
TRAIN EPOCH DEBUG
============================================================
Average logits: tensor([ 0.3785,  0.1548,  0.1409, -0.5071,  0.1021])
============================================================

First batch prediction counts: tensor([6, 2, 0, 0, 0])

========== VALIDATION HISTOGRAM ==========
Pred : [326, 145, 216, 111, 28]
True : [328, 153, 212, 106, 27]
==========================================

2026-10-08 23:03:48 | INFO     | trainer | epoch=44/60 | time=111.0s | lr=1.06e-05 | train/kl=1.0392 | train/main=1.0392 | train/total=1.3305 | train/proto=0.1905 | train/fgbf=0.6722 | train/fgbf_loss=0.6722 | train/weighted_fgbf=0.1008 | train/weighted_fgbf_loss=0.1008 | train/fgbf_grad_norm=0.5433 | train/backbone_grad_norm=40.2762 | train/compartment_grad_norm=1.2112 | train/head_grad_norm=2.9535 | train/accuracy=0.7412 | val/kl=1.2453 | val/main=1.2453 | val/total=1.5958 | val/proto=0.2479 | val/fgbf=0.6842 | val/fgbf_loss=0.6842 | val/weighted_fgbf=0.1026 | val/weighted_fgbf_loss=0.1026 | val/accuracy=0.6525 | val/kappa=0.7827 | val/mae=0.4346 | val/macro_f1=0.6765 | val/kl0_f1=0.7401 | val/kl1_recall=0.3595 | val/kl1_f1=0.3691 | val/kl2_recall=0.6321 | val/kl2_f1=0.6262 | val/low_grade_min_recall=0.3595 | val/low_grade_min_f1=0.3691 | val/low_grade_worst_class=1.0000 | val/fgbf_low_grade_accuracy=0.6364 | val/fgbf_kl0_precision=0.7635 | val/fgbf_kl0_recall=0.6890 | val/fgbf_kl0_f1=0.7244 | val/fgbf_kl1_precision=0.3765 | val/fgbf_kl1_recall=0.3987 | val/fgbf_kl1_f1=0.3873 | val/fgbf_kl2_precision=0.6553 | val/fgbf_kl2_recall=0.7264 | val/fgbf_kl2_f1=0.6890 | val/fgbf_boundary_KL1_to_KL0=52.0000 | val/fgbf_boundary_KL1_to_KL2=40.0000 | val/score=0.5692
/home/sr/cordnet/CoRD-Net/trainer.py:479: FutureWarning: `torch.cuda.amp.autocast(args...)` is deprecated. Please use `torch.amp.autocast('cuda', args...)` instead.
  with autocast(enabled=self.tcfg.amp):

============================================================
TRAIN EPOCH DEBUG
============================================================
Average logits: tensor([ 0.3955,  0.1110,  0.0799, -0.5074,  0.1167])
============================================================

First batch prediction counts: tensor([3, 4, 1, 0, 0])

========== VALIDATION HISTOGRAM ==========
Pred : [233, 270, 184, 107, 32]
True : [328, 153, 212, 106, 27]
==========================================

2026-10-08 23:05:47 | INFO     | trainer | epoch=45/60 | time=111.2s | lr=1.19e-05 | train/kl=1.0087 | train/main=1.0087 | train/total=1.2844 | train/proto=0.1785 | train/fgbf=0.6476 | train/fgbf_loss=0.6476 | train/weighted_fgbf=0.0971 | train/weighted_fgbf_loss=0.0971 | train/fgbf_grad_norm=0.5658 | train/backbone_grad_norm=42.3248 | train/compartment_grad_norm=1.1380 | train/head_grad_norm=2.9610 | train/accuracy=0.7583 | val/kl=1.3425 | val/main=1.3425 | val/total=1.7275 | val/proto=0.2723 | val/fgbf=0.7511 | val/fgbf_loss=0.7511 | val/weighted_fgbf=0.1127 | val/weighted_fgbf_loss=0.1127 | val/accuracy=0.5944 | val/kappa=0.7720 | val/mae=0.4697 | val/macro_f1=0.6509 | val/kl0_f1=0.6488 | val/kl1_recall=0.5556 | val/kl1_f1=0.4019 | val/kl2_recall=0.5566 | val/kl2_f1=0.5960 | val/low_grade_min_recall=0.5549 | val/low_grade_min_f1=0.4019 | val/low_grade_worst_class=0.0000 | val/fgbf_low_grade_accuracy=0.6017 | val/fgbf_kl0_precision=0.7725 | val/fgbf_kl0_recall=0.6006 | val/fgbf_kl0_f1=0.6758 | val/fgbf_kl1_precision=0.3416 | val/fgbf_kl1_recall=0.5425 | val/fgbf_kl1_f1=0.4192 | val/fgbf_kl2_precision=0.7026 | val/fgbf_kl2_recall=0.6462 | val/fgbf_kl2_f1=0.6732 | val/fgbf_boundary_KL1_to_KL0=37.0000 | val/fgbf_boundary_KL1_to_KL2=33.0000 | val/score=0.5597
/home/sr/cordnet/CoRD-Net/trainer.py:479: FutureWarning: `torch.cuda.amp.autocast(args...)` is deprecated. Please use `torch.amp.autocast('cuda', args...)` instead.
  with autocast(enabled=self.tcfg.amp):

============================================================
TRAIN EPOCH DEBUG
============================================================
Average logits: tensor([ 0.3720,  0.1007,  0.0679, -0.5162,  0.0959])
============================================================

First batch prediction counts: tensor([6, 2, 0, 0, 0])

========== VALIDATION HISTOGRAM ==========
Pred : [273, 186, 230, 107, 30]
True : [328, 153, 212, 106, 27]
==========================================

2026-10-08 23:07:46 | INFO     | trainer | epoch=46/60 | time=111.1s | lr=1.31e-05 | train/kl=1.0203 | train/main=1.0203 | train/total=1.2991 | train/proto=0.1810 | train/fgbf=0.6513 | train/fgbf_loss=0.6513 | train/weighted_fgbf=0.0977 | train/weighted_fgbf_loss=0.0977 | train/fgbf_grad_norm=0.5920 | train/backbone_grad_norm=43.0586 | train/compartment_grad_norm=1.0540 | train/head_grad_norm=2.9701 | train/accuracy=0.7510 | val/kl=1.3197 | val/main=1.3197 | val/total=1.7114 | val/proto=0.2785 | val/fgbf=0.7544 | val/fgbf_loss=0.7544 | val/weighted_fgbf=0.1132 | val/weighted_fgbf_loss=0.1132 | val/accuracy=0.6235 | val/kappa=0.7657 | val/mae=0.4625 | val/macro_f1=0.6607 | val/kl0_f1=0.6988 | val/kl1_recall=0.3922 | val/kl1_f1=0.3540 | val/kl2_recall=0.6462 | val/kl2_f1=0.6199 | val/low_grade_min_recall=0.3922 | val/low_grade_min_f1=0.3540 | val/low_grade_worst_class=1.0000 | val/fgbf_low_grade_accuracy=0.6277 | val/fgbf_kl0_precision=0.7551 | val/fgbf_kl0_recall=0.6768 | val/fgbf_kl0_f1=0.7138 | val/fgbf_kl1_precision=0.3750 | val/fgbf_kl1_recall=0.4510 | val/fgbf_kl1_f1=0.4095 | val/fgbf_kl2_precision=0.6698 | val/fgbf_kl2_recall=0.6792 | val/fgbf_kl2_f1=0.6745 | val/fgbf_boundary_KL1_to_KL0=46.0000 | val/fgbf_boundary_KL1_to_KL2=38.0000 | val/score=0.5565
/home/sr/cordnet/CoRD-Net/trainer.py:479: FutureWarning: `torch.cuda.amp.autocast(args...)` is deprecated. Please use `torch.amp.autocast('cuda', args...)` instead.
  with autocast(enabled=self.tcfg.amp):

============================================================
TRAIN EPOCH DEBUG
============================================================
Average logits: tensor([ 0.3952,  0.0989,  0.0687, -0.5220,  0.1067])
============================================================

First batch prediction counts: tensor([7, 1, 0, 0, 0])

========== VALIDATION HISTOGRAM ==========
Pred : [324, 159, 219, 94, 30]
True : [328, 153, 212, 106, 27]
==========================================

2026-10-08 23:09:44 | INFO     | trainer | epoch=47/60 | time=110.6s | lr=1.43e-05 | train/kl=1.0098 | train/main=1.0098 | train/total=1.2846 | train/proto=0.1791 | train/fgbf=0.6377 | train/fgbf_loss=0.6377 | train/weighted_fgbf=0.0957 | train/weighted_fgbf_loss=0.0957 | train/fgbf_grad_norm=0.5745 | train/backbone_grad_norm=44.1581 | train/compartment_grad_norm=1.1402 | train/head_grad_norm=2.8153 | train/accuracy=0.7614 | val/kl=1.2948 | val/main=1.2948 | val/total=1.6683 | val/proto=0.2642 | val/fgbf=0.7283 | val/fgbf_loss=0.7283 | val/weighted_fgbf=0.1092 | val/weighted_fgbf_loss=0.1092 | val/accuracy=0.6489 | val/kappa=0.7984 | val/mae=0.4189 | val/macro_f1=0.6743 | val/kl0_f1=0.7546 | val/kl1_recall=0.3595 | val/kl1_f1=0.3526 | val/kl2_recall=0.6274 | val/kl2_f1=0.6172 | val/low_grade_min_recall=0.3595 | val/low_grade_min_f1=0.3526 | val/low_grade_worst_class=1.0000 | val/fgbf_low_grade_accuracy=0.6335 | val/fgbf_kl0_precision=0.7432 | val/fgbf_kl0_recall=0.7500 | val/fgbf_kl0_f1=0.7466 | val/fgbf_kl1_precision=0.3503 | val/fgbf_kl1_recall=0.3595 | val/fgbf_kl1_f1=0.3548 | val/fgbf_kl2_precision=0.6732 | val/fgbf_kl2_recall=0.6509 | val/fgbf_kl2_f1=0.6619 | val/fgbf_boundary_KL1_to_KL0=60.0000 | val/fgbf_boundary_KL1_to_KL2=38.0000 | val/score=0.5606
/home/sr/cordnet/CoRD-Net/trainer.py:479: FutureWarning: `torch.cuda.amp.autocast(args...)` is deprecated. Please use `torch.amp.autocast('cuda', args...)` instead.
  with autocast(enabled=self.tcfg.amp):

============================================================
TRAIN EPOCH DEBUG
============================================================
Average logits: tensor([ 0.3842,  0.1681,  0.1007, -0.5306,  0.1404])
============================================================

First batch prediction counts: tensor([6, 0, 2, 0, 0])

========== VALIDATION HISTOGRAM ==========
Pred : [371, 80, 240, 103, 32]
True : [328, 153, 212, 106, 27]
==========================================

2026-10-08 23:11:42 | INFO     | trainer | epoch=48/60 | time=110.8s | lr=1.54e-05 | train/kl=1.0485 | train/main=1.0485 | train/total=1.3393 | train/proto=0.1912 | train/fgbf=0.6637 | train/fgbf_loss=0.6637 | train/weighted_fgbf=0.0996 | train/weighted_fgbf_loss=0.0996 | train/fgbf_grad_norm=0.5286 | train/backbone_grad_norm=40.2955 | train/compartment_grad_norm=1.1246 | train/head_grad_norm=3.0626 | train/accuracy=0.7370 | val/kl=1.3268 | val/main=1.3268 | val/total=1.7362 | val/proto=0.2913 | val/fgbf=0.7869 | val/fgbf_loss=0.7869 | val/weighted_fgbf=0.1180 | val/weighted_fgbf_loss=0.1180 | val/accuracy=0.6308 | val/kappa=0.7578 | val/mae=0.4818 | val/macro_f1=0.6271 | val/kl0_f1=0.7468 | val/kl1_recall=0.1895 | val/kl1_f1=0.2489 | val/kl2_recall=0.6226 | val/kl2_f1=0.5841 | val/low_grade_min_recall=0.1895 | val/low_grade_min_f1=0.2489 | val/low_grade_worst_class=1.0000 | val/fgbf_low_grade_accuracy=0.6176 | val/fgbf_kl0_precision=0.7068 | val/fgbf_kl0_recall=0.7866 | val/fgbf_kl0_f1=0.7446 | val/fgbf_kl1_precision=0.3025 | val/fgbf_kl1_recall=0.2353 | val/fgbf_kl1_f1=0.2647 | val/fgbf_kl2_precision=0.6411 | val/fgbf_kl2_recall=0.6321 | val/fgbf_kl2_f1=0.6366 | val/fgbf_boundary_KL1_to_KL0=75.0000 | val/fgbf_boundary_KL1_to_KL2=42.0000 | val/score=0.5007
/home/sr/cordnet/CoRD-Net/trainer.py:479: FutureWarning: `torch.cuda.amp.autocast(args...)` is deprecated. Please use `torch.amp.autocast('cuda', args...)` instead.
  with autocast(enabled=self.tcfg.amp):

============================================================
TRAIN EPOCH DEBUG
============================================================
Average logits: tensor([ 0.3394,  0.0599,  0.0826, -0.3845, -0.0445])
============================================================

First batch prediction counts: tensor([6, 2, 0, 0, 0])

========== VALIDATION HISTOGRAM ==========
Pred : [480, 139, 128, 55, 24]
True : [328, 153, 212, 106, 27]
==========================================

2026-10-08 23:13:40 | INFO     | trainer | epoch=49/60 | time=110.6s | lr=1.64e-05 | train/kl=1.3821 | train/main=1.3821 | train/total=1.8264 | train/proto=0.3086 | train/fgbf=0.9048 | train/fgbf_loss=0.9048 | train/weighted_fgbf=0.1357 | train/weighted_fgbf_loss=0.1357 | train/fgbf_grad_norm=0.4308 | train/backbone_grad_norm=27.8847 | train/compartment_grad_norm=0.9584 | train/head_grad_norm=3.2309 | train/accuracy=0.5587 | val/kl=1.4271 | val/main=1.4271 | val/total=1.8678 | val/proto=0.3261 | val/fgbf=0.7637 | val/fgbf_loss=0.7637 | val/weighted_fgbf=0.1146 | val/weighted_fgbf_loss=0.1146 | val/accuracy=0.5630 | val/kappa=0.5804 | val/mae=0.6501 | val/macro_f1=0.5718 | val/kl0_f1=0.6757 | val/kl1_recall=0.3137 | val/kl1_f1=0.3288 | val/kl2_recall=0.3585 | val/kl2_f1=0.4471 | val/low_grade_min_recall=0.3137 | val/low_grade_min_f1=0.3288 | val/low_grade_worst_class=1.0000 | val/fgbf_low_grade_accuracy=0.5960 | val/fgbf_kl0_precision=0.5938 | val/fgbf_kl0_recall=0.9360 | val/fgbf_kl0_f1=0.7266 | val/fgbf_kl1_precision=0.3714 | val/fgbf_kl1_recall=0.1699 | val/fgbf_kl1_f1=0.2332 | val/fgbf_kl2_precision=0.7547 | val/fgbf_kl2_recall=0.3774 | val/fgbf_kl2_f1=0.5031 | val/fgbf_boundary_KL1_to_KL0=109.0000 | val/fgbf_boundary_KL1_to_KL2=18.0000 | val/score=0.4615
/home/sr/cordnet/CoRD-Net/trainer.py:479: FutureWarning: `torch.cuda.amp.autocast(args...)` is deprecated. Please use `torch.amp.autocast('cuda', args...)` instead.
  with autocast(enabled=self.tcfg.amp):

============================================================
TRAIN EPOCH DEBUG
============================================================
Average logits: tensor([ 0.3347,  0.1121,  0.1354, -0.3573, -0.0454])
============================================================

First batch prediction counts: tensor([4, 2, 2, 0, 0])

========== VALIDATION HISTOGRAM ==========
Pred : [309, 139, 225, 127, 26]
True : [328, 153, 212, 106, 27]
==========================================

2026-10-08 23:15:39 | INFO     | trainer | epoch=50/60 | time=110.8s | lr=1.73e-05 | train/kl=1.3187 | train/main=1.3187 | train/total=1.7430 | train/proto=0.2928 | train/fgbf=0.8765 | train/fgbf_loss=0.8765 | train/weighted_fgbf=0.1315 | train/weighted_fgbf_loss=0.1315 | train/fgbf_grad_norm=0.3531 | train/backbone_grad_norm=28.4573 | train/compartment_grad_norm=0.7829 | train/head_grad_norm=3.3653 | train/accuracy=0.5994 | val/kl=1.3330 | val/main=1.3330 | val/total=1.7357 | val/proto=0.2866 | val/fgbf=0.7738 | val/fgbf_loss=0.7738 | val/weighted_fgbf=0.1161 | val/weighted_fgbf_loss=0.1161 | val/accuracy=0.6174 | val/kappa=0.7337 | val/mae=0.4976 | val/macro_f1=0.6477 | val/kl0_f1=0.6907 | val/kl1_recall=0.3137 | val/kl1_f1=0.3288 | val/kl2_recall=0.6226 | val/kl2_f1=0.6041 | val/low_grade_min_recall=0.3137 | val/low_grade_min_f1=0.3288 | val/low_grade_worst_class=1.0000 | val/fgbf_low_grade_accuracy=0.6263 | val/fgbf_kl0_precision=0.7219 | val/fgbf_kl0_recall=0.7043 | val/fgbf_kl0_f1=0.7130 | val/fgbf_kl1_precision=0.3465 | val/fgbf_kl1_recall=0.2876 | val/fgbf_kl1_f1=0.3143 | val/fgbf_kl2_precision=0.6463 | val/fgbf_kl2_recall=0.7500 | val/fgbf_kl2_f1=0.6943 | val/fgbf_boundary_KL1_to_KL0=65.0000 | val/fgbf_boundary_KL1_to_KL2=44.0000 | val/score=0.5389
2026-10-08 23:15:39 | INFO     | utils | Checkpoint saved → checkpoints/e7_epoch0050.pt
/home/sr/cordnet/CoRD-Net/trainer.py:479: FutureWarning: `torch.cuda.amp.autocast(args...)` is deprecated. Please use `torch.amp.autocast('cuda', args...)` instead.
  with autocast(enabled=self.tcfg.amp):

============================================================
TRAIN EPOCH DEBUG
============================================================
Average logits: tensor([ 0.3688,  0.0909,  0.0972, -0.3862, -0.0504])
============================================================

First batch prediction counts: tensor([4, 2, 2, 0, 0])

========== VALIDATION HISTOGRAM ==========
Pred : [363, 79, 278, 79, 27]
True : [328, 153, 212, 106, 27]
==========================================

2026-10-08 23:17:38 | INFO     | trainer | epoch=51/60 | time=110.9s | lr=1.81e-05 | train/kl=1.3233 | train/main=1.3233 | train/total=1.7426 | train/proto=0.2905 | train/fgbf=0.8580 | train/fgbf_loss=0.8580 | train/weighted_fgbf=0.1287 | train/weighted_fgbf_loss=0.1287 | train/fgbf_grad_norm=0.3695 | train/backbone_grad_norm=31.6214 | train/compartment_grad_norm=0.9158 | train/head_grad_norm=3.4479 | train/accuracy=0.5983 | val/kl=1.3975 | val/main=1.3975 | val/total=1.8424 | val/proto=0.3211 | val/fgbf=0.8251 | val/fgbf_loss=0.8251 | val/weighted_fgbf=0.1238 | val/weighted_fgbf_loss=0.1238 | val/accuracy=0.6041 | val/kappa=0.6621 | val/mae=0.5702 | val/macro_f1=0.6155 | val/kl0_f1=0.6831 | val/kl1_recall=0.2092 | val/kl1_f1=0.2759 | val/kl2_recall=0.6698 | val/kl2_f1=0.5796 | val/low_grade_min_recall=0.2092 | val/low_grade_min_f1=0.2759 | val/low_grade_worst_class=1.0000 | val/fgbf_low_grade_accuracy=0.5772 | val/fgbf_kl0_precision=0.6572 | val/fgbf_kl0_recall=0.7073 | val/fgbf_kl0_f1=0.6814 | val/fgbf_kl1_precision=0.3333 | val/fgbf_kl1_recall=0.2288 | val/fgbf_kl1_f1=0.2713 | val/fgbf_kl2_precision=0.5660 | val/fgbf_kl2_recall=0.6274 | val/fgbf_kl2_f1=0.5951 | val/fgbf_boundary_KL1_to_KL0=65.0000 | val/fgbf_boundary_KL1_to_KL2=53.0000 | val/score=0.5028
/home/sr/cordnet/CoRD-Net/trainer.py:479: FutureWarning: `torch.cuda.amp.autocast(args...)` is deprecated. Please use `torch.amp.autocast('cuda', args...)` instead.
  with autocast(enabled=self.tcfg.amp):

============================================================
TRAIN EPOCH DEBUG
============================================================
Average logits: tensor([ 0.2648, -0.0094,  0.0943, -0.3492, -0.1269])
============================================================

First batch prediction counts: tensor([4, 3, 1, 0, 0])

========== VALIDATION HISTOGRAM ==========
Pred : [242, 309, 152, 98, 25]
True : [328, 153, 212, 106, 27]
==========================================

2026-10-08 23:19:36 | INFO     | trainer | epoch=52/60 | time=110.8s | lr=1.88e-05 | train/kl=1.3651 | train/main=1.3651 | train/total=1.8027 | train/proto=0.3048 | train/fgbf=0.8852 | train/fgbf_loss=0.8852 | train/weighted_fgbf=0.1328 | train/weighted_fgbf_loss=0.1328 | train/fgbf_grad_norm=0.3603 | train/backbone_grad_norm=29.1232 | train/compartment_grad_norm=0.7884 | train/head_grad_norm=3.3544 | train/accuracy=0.5601 | val/kl=1.4913 | val/main=1.4913 | val/total=1.9504 | val/proto=0.3281 | val/fgbf=0.8732 | val/fgbf_loss=0.8732 | val/weighted_fgbf=0.1310 | val/weighted_fgbf_loss=0.1310 | val/accuracy=0.5121 | val/kappa=0.6122 | val/mae=0.6368 | val/macro_f1=0.5758 | val/kl0_f1=0.5088 | val/kl1_recall=0.6144 | val/kl1_f1=0.4069 | val/kl2_recall=0.4528 | val/kl2_f1=0.5275 | val/low_grade_min_recall=0.4421 | val/low_grade_min_f1=0.4069 | val/low_grade_worst_class=0.0000 | val/fgbf_low_grade_accuracy=0.5065 | val/fgbf_kl0_precision=0.6403 | val/fgbf_kl0_recall=0.4939 | val/fgbf_kl0_f1=0.5577 | val/fgbf_kl1_precision=0.2823 | val/fgbf_kl1_recall=0.4575 | val/fgbf_kl1_f1=0.3491 | val/fgbf_kl2_precision=0.6198 | val/fgbf_kl2_recall=0.5613 | val/fgbf_kl2_f1=0.5891 | val/fgbf_boundary_KL1_to_KL0=46.0000 | val/fgbf_boundary_KL1_to_KL2=37.0000 | val/score=0.5106
2026-10-08 23:19:36 | INFO     | trainer | Early stopping triggered at epoch 52 (no composite score improvement for 15 epochs; min_epochs=15).
Early stopping at epoch 52
2026-10-08 23:19:36 | INFO     | utils | Checkpoint saved → checkpoints/e7_final.pt
2026-10-08 23:19:36 | INFO     | trainer | Restoring best model checkpoint (best_score=0.5808, val_qwk=0.7738) from checkpoints/e7_best.pt for evaluation...
2026-10-08 23:19:36 | INFO     | utils | Checkpoint loaded ← checkpoints/e7_best.pt  (experiment=e7  epoch=37)
2026-10-08 23:19:36 | INFO     | trainer | Training complete. Generating reports …
2026-10-08 23:19:37 | INFO     | reporting | Results directory: results/e7
2026-10-08 23:19:37 | INFO     | trainer | Collecting val logits …
2026-10-08 23:19:44 | INFO     | trainer | Collecting train logits …
2026-10-08 23:20:35 | INFO     | trainer | Collecting test logits …
2026-10-08 23:20:49 | INFO     | reporting | Generating reports for experiment 'e7' …
2026-10-08 23:20:49 | INFO     | reporting | Saved results/e7/val_confusion_matrix.png
2026-10-08 23:20:49 | INFO     | reporting | Saved results/e7/val_confusion_matrix.csv
2026-10-08 23:20:50 | INFO     | reporting | Saved results/e7/test_confusion_matrix.png
2026-10-08 23:20:50 | INFO     | reporting | Saved results/e7/test_confusion_matrix.csv
2026-10-08 23:20:50 | INFO     | reporting | Saved results/e7/val_fgbf_confusion_matrix.png
2026-10-08 23:20:50 | INFO     | reporting | Saved results/e7/val_fgbf_confusion_matrix.csv
2026-10-08 23:20:50 | INFO     | reporting | Saved results/e7/test_fgbf_confusion_matrix.png
2026-10-08 23:20:50 | INFO     | reporting | Saved results/e7/test_fgbf_confusion_matrix.csv
2026-10-08 23:20:50 | INFO     | reporting | Saved results/e7/classification_report_val.txt
2026-10-08 23:20:50 | INFO     | reporting | Saved results/e7/classification_report_test.txt
2026-10-08 23:20:50 | INFO     | reporting | Saved results/e7/predictions.csv
2026-10-08 23:20:50 | INFO     | reporting | Saved results/e7/metrics.json
2026-10-08 23:20:50 | INFO     | reporting | Saved results/e7/metrics.csv
2026-10-08 23:20:50 | INFO     | reporting | Saved results/e7/plots/loss_curve.png
2026-10-08 23:20:50 | INFO     | reporting | Saved results/e7/plots/accuracy_curve.png
2026-10-08 23:20:50 | INFO     | reporting | Saved results/e7/plots/loss_vs_accuracy.png
2026-10-08 23:20:51 | INFO     | reporting | Saved results/e7/plots/f1_curve.png
2026-10-08 23:20:51 | INFO     | reporting | Saved results/e7/plots/qwk_curve.png
2026-10-08 23:20:51 | INFO     | reporting | Saved results/e7/plots/mae_curve.png
2026-10-08 23:20:51 | INFO     | reporting | Saved results/e7/plots/learning_rate_curve.png
2026-10-08 23:20:51 | INFO     | reporting | ====================================================
2026-10-08 23:20:51 | INFO     | reporting |   FINAL RESULTS
2026-10-08 23:20:51 | INFO     | reporting | ====================================================
2026-10-08 23:20:51 | INFO     | reporting | TRAIN
2026-10-08 23:20:51 | INFO     | reporting |   Overall Accuracy   : 0.7559
2026-10-08 23:20:51 | INFO     | reporting |   Macro Precision    : 0.7828
2026-10-08 23:20:51 | INFO     | reporting |   Macro Recall       : 0.7800
2026-10-08 23:20:51 | INFO     | reporting |   Macro F1           : 0.7809
2026-10-08 23:20:51 | INFO     | reporting |   Weighted Precision : 0.7549
2026-10-08 23:20:51 | INFO     | reporting |   Weighted Recall    : 0.7559
2026-10-08 23:20:51 | INFO     | reporting |   Weighted F1        : 0.7546
2026-10-08 23:20:51 | INFO     | reporting |   MAE                : 0.3106
2026-10-08 23:20:51 | INFO     | reporting |   QWK                : 0.8374
2026-10-08 23:20:51 | INFO     | reporting |   KL0 Recall         : 0.8301
2026-10-08 23:20:51 | INFO     | reporting |   KL1 Recall         : 0.5287
2026-10-08 23:20:51 | INFO     | reporting |   KL1 F1             : 0.5353
2026-10-08 23:20:51 | INFO     | reporting |   KL2 Recall         : 0.7164
2026-10-08 23:20:51 | INFO     | reporting |   Boundary Error Counts:
2026-10-08 23:20:51 | INFO     | reporting |     KL1 -> KL0       : 339
2026-10-08 23:20:51 | INFO     | reporting |     KL1 -> KL2       : 143
2026-10-08 23:20:51 | INFO     | reporting |     KL0 -> KL1       : 282
2026-10-08 23:20:51 | INFO     | reporting |     KL2 -> KL1       : 172
2026-10-08 23:20:51 | INFO     | reporting |   FGBF Diagnostics (Auxiliary Head):
2026-10-08 23:20:51 | INFO     | reporting |     FGBF Low-Grade Acc : 0.7225
2026-10-08 23:20:51 | INFO     | reporting |     KL0 Prec/Rec/F1    : 0.7848 / 0.7933 / 0.7890
2026-10-08 23:20:51 | INFO     | reporting |     KL1 Prec/Rec/F1    : 0.5085 / 0.4885 / 0.4983
2026-10-08 23:20:51 | INFO     | reporting |     KL2 Prec/Rec/F1    : 0.7689 / 0.7770 / 0.7730
2026-10-08 23:20:51 | INFO     | reporting |     FGBF Boundary Errors:
2026-10-08 23:20:51 | INFO     | reporting |       KL1 -> KL0       : 326
2026-10-08 23:20:51 | INFO     | reporting |       KL1 -> KL2       : 209
2026-10-08 23:20:51 | INFO     | reporting |   ------------------------------------------------
2026-10-08 23:20:51 | INFO     | reporting | VALIDATION
2026-10-08 23:20:51 | INFO     | reporting |   Overall Accuracy   : 0.6501
2026-10-08 23:20:51 | INFO     | reporting |   Macro Precision    : 0.6624
2026-10-08 23:20:51 | INFO     | reporting |   Macro Recall       : 0.6921
2026-10-08 23:20:51 | INFO     | reporting |   Macro F1           : 0.6751
2026-10-08 23:20:51 | INFO     | reporting |   Weighted Precision : 0.6597
2026-10-08 23:20:51 | INFO     | reporting |   Weighted Recall    : 0.6501
2026-10-08 23:20:51 | INFO     | reporting |   Weighted F1        : 0.6539
2026-10-08 23:20:51 | INFO     | reporting |   MAE                : 0.4395
2026-10-08 23:20:51 | INFO     | reporting |   QWK                : 0.7738
2026-10-08 23:20:51 | INFO     | reporting |   KL0 Recall         : 0.7043
2026-10-08 23:20:51 | INFO     | reporting |   KL1 Recall         : 0.4248
2026-10-08 23:20:51 | INFO     | reporting |   KL1 F1             : 0.3963
2026-10-08 23:20:51 | INFO     | reporting |   KL2 Recall         : 0.6321
2026-10-08 23:20:51 | INFO     | reporting |   Boundary Error Counts:
2026-10-08 23:20:51 | INFO     | reporting |     KL1 -> KL0       : 49
2026-10-08 23:20:51 | INFO     | reporting |     KL1 -> KL2       : 36
2026-10-08 23:20:51 | INFO     | reporting |     KL0 -> KL1       : 65
2026-10-08 23:20:51 | INFO     | reporting |     KL2 -> KL1       : 41
2026-10-08 23:20:51 | INFO     | reporting |   FGBF Diagnostics (Auxiliary Head):
2026-10-08 23:20:51 | INFO     | reporting |     FGBF Low-Grade Acc : 0.6306
2026-10-08 23:20:51 | INFO     | reporting |     KL0 Prec/Rec/F1    : 0.7793 / 0.6890 / 0.7314
2026-10-08 23:20:51 | INFO     | reporting |     KL1 Prec/Rec/F1    : 0.3563 / 0.3725 / 0.3642
2026-10-08 23:20:51 | INFO     | reporting |     KL2 Prec/Rec/F1    : 0.6337 / 0.7264 / 0.6769
2026-10-08 23:20:51 | INFO     | reporting |     FGBF Boundary Errors:
2026-10-08 23:20:51 | INFO     | reporting |       KL1 -> KL0       : 46
2026-10-08 23:20:51 | INFO     | reporting |       KL1 -> KL2       : 50
2026-10-08 23:20:51 | INFO     | reporting |   ------------------------------------------------
2026-10-08 23:20:51 | INFO     | reporting | TEST
2026-10-08 23:20:51 | INFO     | reporting |   Overall Accuracy   : 0.6353
2026-10-08 23:20:51 | INFO     | reporting |   Macro Precision    : 0.6513
2026-10-08 23:20:51 | INFO     | reporting |   Macro Recall       : 0.6594
2026-10-08 23:20:51 | INFO     | reporting |   Macro F1           : 0.6540
2026-10-08 23:20:51 | INFO     | reporting |   Weighted Precision : 0.6423
2026-10-08 23:20:51 | INFO     | reporting |   Weighted Recall    : 0.6353
2026-10-08 23:20:51 | INFO     | reporting |   Weighted F1        : 0.6375
2026-10-08 23:20:51 | INFO     | reporting |   MAE                : 0.4312
2026-10-08 23:20:51 | INFO     | reporting |   QWK                : 0.7969
2026-10-08 23:20:51 | INFO     | reporting |   KL0 Recall         : 0.7355
2026-10-08 23:20:51 | INFO     | reporting |   KL1 Recall         : 0.3378
2026-10-08 23:20:51 | INFO     | reporting |   KL1 F1             : 0.3180
2026-10-08 23:20:51 | INFO     | reporting |   KL2 Recall         : 0.5705
2026-10-08 23:20:51 | INFO     | reporting |   Boundary Error Counts:
2026-10-08 23:20:51 | INFO     | reporting |     KL1 -> KL0       : 106
2026-10-08 23:20:51 | INFO     | reporting |     KL1 -> KL2       : 85
2026-10-08 23:20:51 | INFO     | reporting |     KL0 -> KL1       : 134
2026-10-08 23:20:51 | INFO     | reporting |     KL2 -> KL1       : 92
2026-10-08 23:20:51 | INFO     | reporting |   FGBF Diagnostics (Auxiliary Head):
2026-10-08 23:20:51 | INFO     | reporting |     FGBF Low-Grade Acc : 0.6194
2026-10-08 23:20:51 | INFO     | reporting |     KL0 Prec/Rec/F1    : 0.7487 / 0.6995 / 0.7233
2026-10-08 23:20:51 | INFO     | reporting |     KL1 Prec/Rec/F1    : 0.2801 / 0.2905 / 0.2852
2026-10-08 23:20:51 | INFO     | reporting |     KL2 Prec/Rec/F1    : 0.6757 / 0.7226 / 0.6984
2026-10-08 23:20:51 | INFO     | reporting |     FGBF Boundary Errors:
2026-10-08 23:20:51 | INFO     | reporting |       KL1 -> KL0       : 106
2026-10-08 23:20:51 | INFO     | reporting |       KL1 -> KL2       : 104
2026-10-08 23:20:51 | INFO     | reporting | ====================================================
2026-10-08 23:20:51 | INFO     | reporting | Ablation summary updated → results/ablation_summary.csv

===== VAL PER-CLASS RESULTS =====
Class      Precision      Recall          F1     Support
KL0           0.7549      0.7043      0.7287         328
KL1           0.3714      0.4248      0.3963         153
KL2           0.6473      0.6321      0.6396         212
KL3           0.7810      0.7736      0.7773         106
KL4           0.7576      0.9259      0.8333          27

KL BOUNDARY ERRORS:
KL0_to_KL1     : 65
KL1_to_KL0     : 49
KL1_to_KL2     : 36
KL2_to_KL1     : 41
KL2_to_KL3     : 16
KL3_to_KL2     : 8

CONFUSION MATRIX:
[[231  65  29   2   1]
 [ 49  65  36   3   0]
 [ 21  41 134  16   0]
 [  5   4   8  82   7]
 [  0   0   0   2  25]]

===== TEST PER-CLASS RESULTS =====
Class      Precision      Recall          F1     Support
KL0           0.7496      0.7355      0.7425         639
KL1           0.3003      0.3378      0.3180         296
KL2           0.6489      0.5705      0.6071         447
KL3           0.7341      0.8296      0.7789         223
KL4           0.8235      0.8235      0.8235          51

KL BOUNDARY ERRORS:
KL0_to_KL1     : 134
KL1_to_KL0     : 106
KL1_to_KL2     : 85
KL2_to_KL1     : 92
KL2_to_KL3     : 53
KL3_to_KL2     : 20

CONFUSION MATRIX:
[[470 134  33   1   1]
 [106 100  85   5   0]
 [ 45  92 255  53   2]
 [  5   7  20 185   6]
 [  1   0   0   8  42]]
===== E7 FINISHED: exit=0 =====
Thu Oct  8 11:21:17 PM IST 2026
===== E8 START =====
Thu Oct  8 11:21:17 PM IST 2026
2026-10-08 23:21:19 | INFO     | utils | Logging to logs/e8.log
2026-10-08 23:21:19 | INFO     | __main__ | ══════════════════════════════════════════════════════════════
2026-10-08 23:21:19 | INFO     | __main__ |   CoRD-Net — E7 + Auxiliary Heads
2026-10-08 23:21:19 | INFO     | __main__ |   Experiment  : E8
2026-10-08 23:21:19 | INFO     | __main__ |   Device      : cuda
2026-10-08 23:21:19 | INFO     | __main__ |   Epochs      : 60
2026-10-08 23:21:19 | INFO     | __main__ |   Batch size  : 8
2026-10-08 23:21:19 | INFO     | __main__ |   Loss type   : weighted_ce
2026-10-08 23:21:19 | INFO     | __main__ |   Sampler     : none
2026-10-08 23:21:19 | INFO     | __main__ |   SWA         : False
2026-10-08 23:21:19 | INFO     | __main__ |   Data root   : ./Dataset
2026-10-08 23:21:19 | INFO     | __main__ |   Pretrained  : True
2026-10-08 23:21:19 | INFO     | __main__ |   Grad ckpt   : True
2026-10-08 23:21:19 | INFO     | __main__ |   Grad accum  : 1
2026-10-08 23:21:19 | INFO     | __main__ |   Results dir : results
2026-10-08 23:21:19 | INFO     | __main__ | ══════════════════════════════════════════════════════════════
2026-10-08 23:21:19 | INFO     | dataset | Split mode: pre-split directories (train/ val/ test/)
2026-10-08 23:21:19 | INFO     | dataset | Pre-split layout detected: train=5778  val=826  test=1656
2026-10-08 23:21:19 | INFO     | dataset | Dataset ready — train: 5778  val: 826
2026-10-08 23:21:19 | INFO     | dataset | Split mode: pre-split directories (train/ val/ test/)
2026-10-08 23:21:20 | INFO     | dataset | Pre-split layout detected: train=5778  val=826  test=1656

========== CLASSIFIER INITIALIZATION ==========
===============================================

/home/sr/cordnet/CoRD-Net/trainer.py:138: FutureWarning: `torch.cuda.amp.GradScaler(args...)` is deprecated. Please use `torch.amp.GradScaler('cuda', args...)` instead.
  self.scaler    = GradScaler() if self.tcfg.amp else None
2026-10-08 23:21:20 | INFO     | utils | ┌─ E8 active modules ──────────────────────────────────┐
2026-10-08 23:21:20 | INFO     | utils | │  ✓  STN (Auto-Localization)                        │
2026-10-08 23:21:20 | INFO     | utils | │  ✗  Dual-Intensity Stem                            │
2026-10-08 23:21:20 | INFO     | utils | │  ✓  Compartment Branches                           │
2026-10-08 23:21:20 | INFO     | utils | │  ✓  Soft ROI Mask (DRP Block)                      │
2026-10-08 23:21:20 | INFO     | utils | │  ✓  Prototype-Guided Refinement (PGR)              │
2026-10-08 23:21:20 | INFO     | utils | │  ✓  Relational Token Coupling (RTC)                │
2026-10-08 23:21:20 | INFO     | utils | │  ✓  Auxiliary Heads                                │
2026-10-08 23:21:20 | INFO     | utils | └────────────────────────────────────────────────────┘
2026-10-08 23:21:20 | INFO     | utils | ┌─ E8 parameter summary ──────────────────────────────┐
2026-10-08 23:21:20 | INFO     | utils | │  Total parameters    : 34,887,072                  │
2026-10-08 23:21:20 | INFO     | utils | │  Trainable parameters: 34,887,072                  │
2026-10-08 23:21:20 | INFO     | utils | └────────────────────────────────────────────────────┘
2026-10-08 23:21:20 | INFO     | trainer | Training E8 | epochs 1→60 | device=cuda
/home/sr/cordnet/CoRD-Net/trainer.py:479: FutureWarning: `torch.cuda.amp.autocast(args...)` is deprecated. Please use `torch.amp.autocast('cuda', args...)` instead.
  with autocast(enabled=self.tcfg.amp):
/home/sr/cordnet/CoRD-Net/trainer.py:479: FutureWarning: `torch.cuda.amp.autocast(args...)` is deprecated. Please use `torch.amp.autocast('cuda', args...)` instead.
  with autocast(enabled=self.tcfg.amp):

============================================================
TRAIN EPOCH DEBUG
============================================================
Average logits: tensor([-1.2261, -1.7648, -1.4935, -2.3255, -3.3747])
============================================================

First batch prediction counts: tensor([8, 0, 0, 0, 0])

========== VALIDATION HISTOGRAM ==========
Pred : [612, 5, 144, 55, 10]
True : [328, 153, 212, 106, 27]
==========================================

2026-10-08 23:23:26 | INFO     | utils | Checkpoint saved → checkpoints/e8_best.pt
2026-10-08 23:23:26 | INFO     | trainer | epoch=1/60 | time=117.4s | lr=2.00e-06 | train/kl=1.3030 | train/coral=0.4329 | train/supcon=0.0166 | train/jsn_med=0.0000 | train/jsn_lat=0.0000 | train/osteo=0.0000 | train/uncert=0.0348 | train/total=2.0843 | train/proto=0.3967 | train/fgbf=1.0414 | train/fgbf_loss=1.0414 | train/weighted_fgbf=0.1562 | train/weighted_fgbf_loss=0.1562 | train/fgbf_grad_norm=1.3363 | train/backbone_grad_norm=inf | train/compartment_grad_norm=5.2125 | train/head_grad_norm=5.1380 | train/accuracy=0.4938 | val/kl=1.2286 | val/coral=0.3651 | val/supcon=0.0040 | val/jsn_med=0.0000 | val/jsn_lat=0.0000 | val/osteo=0.0000 | val/uncert=0.0160 | val/total=1.9196 | val/proto=0.3772 | val/fgbf=0.8455 | val/fgbf_loss=0.8455 | val/weighted_fgbf=0.1268 | val/weighted_fgbf_loss=0.1268 | val/accuracy=0.5097 | val/kappa=0.5438 | val/mae=0.7494 | val/macro_f1=0.3721 | val/kl0_f1=0.6596 | val/kl1_recall=0.0000 | val/kl1_f1=0.0000 | val/kl2_recall=0.3255 | val/kl2_f1=0.3876 | val/low_grade_min_recall=0.0000 | val/low_grade_min_f1=0.0000 | val/low_grade_worst_class=1.0000 | val/fgbf_low_grade_accuracy=0.4892 | val/fgbf_kl0_precision=0.4822 | val/fgbf_kl0_recall=0.9939 | val/fgbf_kl0_f1=0.6494 | val/fgbf_kl1_precision=0.0000 | val/fgbf_kl1_recall=0.0000 | val/fgbf_kl1_f1=0.0000 | val/fgbf_kl2_precision=0.7647 | val/fgbf_kl2_recall=0.0613 | val/fgbf_kl2_f1=0.1135 | val/fgbf_boundary_KL1_to_KL0=151.0000 | val/fgbf_boundary_KL1_to_KL2=2.0000 | val/score=0.2651
/home/sr/cordnet/CoRD-Net/trainer.py:479: FutureWarning: `torch.cuda.amp.autocast(args...)` is deprecated. Please use `torch.amp.autocast('cuda', args...)` instead.
  with autocast(enabled=self.tcfg.amp):

============================================================
TRAIN EPOCH DEBUG
============================================================
Average logits: tensor([-1.6348, -1.9272, -1.7523, -2.9016, -3.7469])
============================================================

First batch prediction counts: tensor([6, 2, 0, 0, 0])

========== VALIDATION HISTOGRAM ==========
Pred : [364, 177, 143, 108, 34]
True : [328, 153, 212, 106, 27]
==========================================

2026-10-08 23:25:27 | INFO     | utils | Checkpoint saved → checkpoints/e8_best.pt
2026-10-08 23:25:27 | INFO     | trainer | epoch=2/60 | time=112.5s | lr=5.60e-06 | train/kl=1.1585 | train/coral=0.2973 | train/supcon=0.0037 | train/jsn_med=0.0000 | train/jsn_lat=0.0000 | train/osteo=0.0000 | train/uncert=0.0360 | train/total=1.7738 | train/proto=0.3196 | train/fgbf=0.9252 | train/fgbf_loss=0.9252 | train/weighted_fgbf=0.1388 | train/weighted_fgbf_loss=0.1388 | train/fgbf_grad_norm=1.5635 | train/backbone_grad_norm=37.9448 | train/compartment_grad_norm=7.8234 | train/head_grad_norm=5.1790 | train/accuracy=0.5675 | val/kl=1.0711 | val/coral=0.2581 | val/supcon=0.0033 | val/jsn_med=0.0000 | val/jsn_lat=0.0000 | val/osteo=0.0000 | val/uncert=0.0198 | val/total=1.6019 | val/proto=0.2876 | val/fgbf=0.7272 | val/fgbf_loss=0.7272 | val/weighted_fgbf=0.1091 | val/weighted_fgbf_loss=0.1091 | val/accuracy=0.6138 | val/kappa=0.7793 | val/mae=0.4697 | val/macro_f1=0.6128 | val/kl0_f1=0.7370 | val/kl1_recall=0.3725 | val/kl1_f1=0.3455 | val/kl2_recall=0.4528 | val/kl2_f1=0.5408 | val/low_grade_min_recall=0.3725 | val/low_grade_min_f1=0.3455 | val/low_grade_worst_class=1.0000 | val/fgbf_low_grade_accuracy=0.6147 | val/fgbf_kl0_precision=0.5870 | val/fgbf_kl0_recall=0.9055 | val/fgbf_kl0_f1=0.7122 | val/fgbf_kl1_precision=0.0000 | val/fgbf_kl1_recall=0.0000 | val/fgbf_kl1_f1=0.0000 | val/fgbf_kl2_precision=0.6898 | val/fgbf_kl2_recall=0.6085 | val/fgbf_kl2_f1=0.6466 | val/fgbf_boundary_KL1_to_KL0=126.0000 | val/fgbf_boundary_KL1_to_KL2=27.0000 | val/score=0.5110
/home/sr/cordnet/CoRD-Net/trainer.py:479: FutureWarning: `torch.cuda.amp.autocast(args...)` is deprecated. Please use `torch.amp.autocast('cuda', args...)` instead.
  with autocast(enabled=self.tcfg.amp):

============================================================
TRAIN EPOCH DEBUG
============================================================
Average logits: tensor([-1.6434, -1.9917, -1.8414, -3.0113, -3.7878])
============================================================

First batch prediction counts: tensor([8, 0, 0, 0, 0])

========== VALIDATION HISTOGRAM ==========
Pred : [444, 76, 169, 92, 45]
True : [328, 153, 212, 106, 27]
==========================================

2026-10-08 23:27:27 | INFO     | trainer | epoch=3/60 | time=112.6s | lr=9.20e-06 | train/kl=1.0958 | train/coral=0.2685 | train/supcon=0.0021 | train/jsn_med=0.0000 | train/jsn_lat=0.0000 | train/osteo=0.0000 | train/uncert=0.0334 | train/total=1.6584 | train/proto=0.2880 | train/fgbf=0.8866 | train/fgbf_loss=0.8866 | train/weighted_fgbf=0.1330 | train/weighted_fgbf_loss=0.1330 | train/fgbf_grad_norm=1.3689 | train/backbone_grad_norm=41.5254 | train/compartment_grad_norm=6.8124 | train/head_grad_norm=4.7509 | train/accuracy=0.6058 | val/kl=1.0490 | val/coral=0.2500 | val/supcon=0.0085 | val/jsn_med=0.0000 | val/jsn_lat=0.0000 | val/osteo=0.0000 | val/uncert=0.0491 | val/total=1.5612 | val/proto=0.2684 | val/fgbf=0.7094 | val/fgbf_loss=0.7094 | val/weighted_fgbf=0.1064 | val/weighted_fgbf_loss=0.1064 | val/accuracy=0.6247 | val/kappa=0.7673 | val/mae=0.4855 | val/macro_f1=0.5865 | val/kl0_f1=0.7487 | val/kl1_recall=0.1438 | val/kl1_f1=0.1921 | val/kl2_recall=0.5236 | val/kl2_f1=0.5827 | val/low_grade_min_recall=0.1438 | val/low_grade_min_f1=0.1921 | val/low_grade_worst_class=1.0000 | val/fgbf_low_grade_accuracy=0.6234 | val/fgbf_kl0_precision=0.6008 | val/fgbf_kl0_recall=0.8994 | val/fgbf_kl0_f1=0.7204 | val/fgbf_kl1_precision=0.0000 | val/fgbf_kl1_recall=0.0000 | val/fgbf_kl1_f1=0.0000 | val/fgbf_kl2_precision=0.6782 | val/fgbf_kl2_recall=0.6462 | val/fgbf_kl2_f1=0.6618 | val/fgbf_boundary_KL1_to_KL0=121.0000 | val/fgbf_boundary_KL1_to_KL2=32.0000 | val/score=0.4671
/home/sr/cordnet/CoRD-Net/trainer.py:479: FutureWarning: `torch.cuda.amp.autocast(args...)` is deprecated. Please use `torch.amp.autocast('cuda', args...)` instead.
  with autocast(enabled=self.tcfg.amp):

============================================================
TRAIN EPOCH DEBUG
============================================================
Average logits: tensor([-1.6347, -2.0312, -1.8524, -3.0227, -3.7986])
============================================================

First batch prediction counts: tensor([8, 0, 0, 0, 0])

========== VALIDATION HISTOGRAM ==========
Pred : [439, 73, 191, 85, 38]
True : [328, 153, 212, 106, 27]
==========================================

2026-10-08 23:29:27 | INFO     | trainer | epoch=4/60 | time=112.7s | lr=1.28e-05 | train/kl=1.0776 | train/coral=0.2565 | train/supcon=0.0014 | train/jsn_med=0.0000 | train/jsn_lat=0.0000 | train/osteo=0.0000 | train/uncert=0.0289 | train/total=1.6151 | train/proto=0.2736 | train/fgbf=0.8633 | train/fgbf_loss=0.8633 | train/weighted_fgbf=0.1295 | train/weighted_fgbf_loss=0.1295 | train/fgbf_grad_norm=1.1600 | train/backbone_grad_norm=40.9404 | train/compartment_grad_norm=5.7080 | train/head_grad_norm=4.3139 | train/accuracy=0.6221 | val/kl=1.0354 | val/coral=0.2369 | val/supcon=0.0110 | val/jsn_med=0.0000 | val/jsn_lat=0.0000 | val/osteo=0.0000 | val/uncert=0.0310 | val/total=1.5236 | val/proto=0.2563 | val/fgbf=0.6927 | val/fgbf_loss=0.6927 | val/weighted_fgbf=0.1039 | val/weighted_fgbf_loss=0.1039 | val/accuracy=0.6283 | val/kappa=0.7767 | val/mae=0.4709 | val/macro_f1=0.6021 | val/kl0_f1=0.7432 | val/kl1_recall=0.1111 | val/kl1_f1=0.1504 | val/kl2_recall=0.5849 | val/kl2_f1=0.6154 | val/low_grade_min_recall=0.1111 | val/low_grade_min_f1=0.1504 | val/low_grade_worst_class=1.0000 | val/fgbf_low_grade_accuracy=0.6378 | val/fgbf_kl0_precision=0.6173 | val/fgbf_kl0_recall=0.9146 | val/fgbf_kl0_f1=0.7371 | val/fgbf_kl1_precision=0.0000 | val/fgbf_kl1_recall=0.0000 | val/fgbf_kl1_f1=0.0000 | val/fgbf_kl2_precision=0.6860 | val/fgbf_kl2_recall=0.6698 | val/fgbf_kl2_f1=0.6778 | val/fgbf_boundary_KL1_to_KL0=116.0000 | val/fgbf_boundary_KL1_to_KL2=37.0000 | val/score=0.4706
/home/sr/cordnet/CoRD-Net/trainer.py:479: FutureWarning: `torch.cuda.amp.autocast(args...)` is deprecated. Please use `torch.amp.autocast('cuda', args...)` instead.
  with autocast(enabled=self.tcfg.amp):

============================================================
TRAIN EPOCH DEBUG
============================================================
Average logits: tensor([-1.6052, -1.9908, -1.9346, -2.9663, -3.7645])
============================================================

First batch prediction counts: tensor([6, 0, 2, 0, 0])

========== VALIDATION HISTOGRAM ==========
Pred : [459, 0, 235, 105, 27]
True : [328, 153, 212, 106, 27]
==========================================

2026-10-08 23:31:28 | INFO     | trainer | epoch=5/60 | time=112.8s | lr=1.64e-05 | train/kl=1.0850 | train/coral=0.2567 | train/supcon=0.0010 | train/jsn_med=0.0000 | train/jsn_lat=0.0000 | train/osteo=0.0000 | train/uncert=0.0271 | train/total=1.6196 | train/proto=0.2730 | train/fgbf=0.8505 | train/fgbf_loss=0.8505 | train/weighted_fgbf=0.1276 | train/weighted_fgbf_loss=0.1276 | train/fgbf_grad_norm=0.9244 | train/backbone_grad_norm=37.7116 | train/compartment_grad_norm=4.4591 | train/head_grad_norm=3.8577 | train/accuracy=0.6117 | val/kl=1.0357 | val/coral=0.2292 | val/supcon=0.0182 | val/jsn_med=0.0000 | val/jsn_lat=0.0000 | val/osteo=0.0000 | val/uncert=0.0250 | val/total=1.5150 | val/proto=0.2556 | val/fgbf=0.6572 | val/fgbf_loss=0.6572 | val/weighted_fgbf=0.0986 | val/weighted_fgbf_loss=0.0986 | val/accuracy=0.6598 | val/kappa=0.7712 | val/mae=0.4576 | val/macro_f1=0.6039 | val/kl0_f1=0.7471 | val/kl1_recall=0.0000 | val/kl1_f1=0.0000 | val/kl2_recall=0.6981 | val/kl2_f1=0.6622 | val/low_grade_min_recall=0.0000 | val/low_grade_min_f1=0.0000 | val/low_grade_worst_class=1.0000 | val/fgbf_low_grade_accuracy=0.6479 | val/fgbf_kl0_precision=0.6627 | val/fgbf_kl0_recall=0.8567 | val/fgbf_kl0_f1=0.7473 | val/fgbf_kl1_precision=0.0000 | val/fgbf_kl1_recall=0.0000 | val/fgbf_kl1_f1=0.0000 | val/fgbf_kl2_precision=0.6245 | val/fgbf_kl2_recall=0.7925 | val/fgbf_kl2_f1=0.6985 | val/fgbf_boundary_KL1_to_KL0=99.0000 | val/fgbf_boundary_KL1_to_KL2=54.0000 | val/score=0.4402
/home/sr/cordnet/CoRD-Net/trainer.py:479: FutureWarning: `torch.cuda.amp.autocast(args...)` is deprecated. Please use `torch.amp.autocast('cuda', args...)` instead.
  with autocast(enabled=self.tcfg.amp):

============================================================
TRAIN EPOCH DEBUG
============================================================
Average logits: tensor([-1.3472, -1.8268, -1.7065, -2.6578, -3.5644])
============================================================

First batch prediction counts: tensor([2, 0, 6, 0, 0])

========== VALIDATION HISTOGRAM ==========
Pred : [134, 0, 683, 3, 6]
True : [328, 153, 212, 106, 27]
==========================================

2026-10-08 23:33:28 | INFO     | trainer | epoch=6/60 | time=112.6s | lr=2.00e-05 | train/kl=1.2615 | train/coral=0.3565 | train/supcon=0.0009 | train/jsn_med=0.0000 | train/jsn_lat=0.0000 | train/osteo=0.0000 | train/uncert=0.0252 | train/total=1.9250 | train/proto=0.3372 | train/fgbf=0.9515 | train/fgbf_loss=0.9515 | train/weighted_fgbf=0.1427 | train/weighted_fgbf_loss=0.1427 | train/fgbf_grad_norm=0.7921 | train/backbone_grad_norm=30.2617 | train/compartment_grad_norm=3.3830 | train/head_grad_norm=3.4947 | train/accuracy=0.5066 | val/kl=1.5075 | val/coral=0.4745 | val/supcon=0.0004 | val/jsn_med=0.0000 | val/jsn_lat=0.0000 | val/osteo=0.0000 | val/uncert=0.0822 | val/total=2.3178 | val/proto=0.4228 | val/fgbf=0.8911 | val/fgbf_loss=0.8911 | val/weighted_fgbf=0.1337 | val/weighted_fgbf_loss=0.1337 | val/accuracy=0.3075 | val/kappa=0.1152 | val/mae=1.1065 | val/macro_f1=0.2196 | val/kl0_f1=0.2727 | val/kl1_recall=0.0000 | val/kl1_f1=0.0000 | val/kl2_recall=0.8585 | val/kl2_f1=0.4067 | val/low_grade_min_recall=0.0000 | val/low_grade_min_f1=0.0000 | val/low_grade_worst_class=1.0000 | val/fgbf_low_grade_accuracy=0.4012 | val/fgbf_kl0_precision=0.4637 | val/fgbf_kl0_recall=0.5640 | val/fgbf_kl0_f1=0.5089 | val/fgbf_kl1_precision=0.0000 | val/fgbf_kl1_recall=0.0000 | val/fgbf_kl1_f1=0.0000 | val/fgbf_kl2_precision=0.3163 | val/fgbf_kl2_recall=0.4387 | val/fgbf_kl2_f1=0.3676 | val/fgbf_boundary_KL1_to_KL0=95.0000 | val/fgbf_boundary_KL1_to_KL2=58.0000 | val/score=0.2099
/home/sr/cordnet/CoRD-Net/trainer.py:479: FutureWarning: `torch.cuda.amp.autocast(args...)` is deprecated. Please use `torch.amp.autocast('cuda', args...)` instead.
  with autocast(enabled=self.tcfg.amp):

============================================================
TRAIN EPOCH DEBUG
============================================================
Average logits: tensor([-1.0043, -1.7075, -1.4152, -2.1840, -3.3013])
============================================================

First batch prediction counts: tensor([8, 0, 0, 0, 0])

========== VALIDATION HISTOGRAM ==========
Pred : [734, 0, 36, 39, 17]
True : [328, 153, 212, 106, 27]
==========================================

2026-10-08 23:35:28 | INFO     | trainer | epoch=7/60 | time=112.4s | lr=1.99e-05 | train/kl=1.4560 | train/coral=0.4862 | train/supcon=0.0004 | train/jsn_med=0.0000 | train/jsn_lat=0.0000 | train/osteo=0.0000 | train/uncert=0.0412 | train/total=2.2850 | train/proto=0.4194 | train/fgbf=1.0541 | train/fgbf_loss=1.0541 | train/weighted_fgbf=0.1581 | train/weighted_fgbf_loss=0.1581 | train/fgbf_grad_norm=0.1973 | train/backbone_grad_norm=8.2060 | train/compartment_grad_norm=0.8238 | train/head_grad_norm=2.7876 | train/accuracy=0.3951 | val/kl=1.3600 | val/coral=0.4348 | val/supcon=0.0252 | val/jsn_med=0.0000 | val/jsn_lat=0.0000 | val/osteo=0.0000 | val/uncert=0.0242 | val/total=2.1042 | val/proto=0.3858 | val/fgbf=0.8576 | val/fgbf_loss=0.8576 | val/weighted_fgbf=0.1286 | val/weighted_fgbf_loss=0.1286 | val/accuracy=0.4479 | val/kappa=0.2735 | val/mae=1.0169 | val/macro_f1=0.3085 | val/kl0_f1=0.6045 | val/kl1_recall=0.0000 | val/kl1_f1=0.0000 | val/kl2_recall=0.0708 | val/kl2_f1=0.1210 | val/low_grade_min_recall=0.0000 | val/low_grade_min_f1=0.0000 | val/low_grade_worst_class=1.0000 | val/fgbf_low_grade_accuracy=0.4978 | val/fgbf_kl0_precision=0.4945 | val/fgbf_kl0_recall=0.9665 | val/fgbf_kl0_f1=0.6543 | val/fgbf_kl1_precision=0.0000 | val/fgbf_kl1_recall=0.0000 | val/fgbf_kl1_f1=0.0000 | val/fgbf_kl2_precision=0.5385 | val/fgbf_kl2_recall=0.1321 | val/fgbf_kl2_f1=0.2121 | val/fgbf_boundary_KL1_to_KL0=140.0000 | val/fgbf_boundary_KL1_to_KL2=13.0000 | val/score=0.1597
/home/sr/cordnet/CoRD-Net/trainer.py:479: FutureWarning: `torch.cuda.amp.autocast(args...)` is deprecated. Please use `torch.amp.autocast('cuda', args...)` instead.
  with autocast(enabled=self.tcfg.amp):

============================================================
TRAIN EPOCH DEBUG
============================================================
Average logits: tensor([-1.1835, -1.7125, -1.5103, -2.2970, -3.2625])
============================================================

First batch prediction counts: tensor([8, 0, 0, 0, 0])

========== VALIDATION HISTOGRAM ==========
Pred : [695, 0, 101, 19, 11]
True : [328, 153, 212, 106, 27]
==========================================

2026-10-08 23:37:28 | INFO     | trainer | epoch=8/60 | time=112.4s | lr=1.97e-05 | train/kl=1.3459 | train/coral=0.4207 | train/supcon=0.0004 | train/jsn_med=0.0000 | train/jsn_lat=0.0000 | train/osteo=0.0000 | train/uncert=0.0195 | train/total=2.0876 | train/proto=0.3778 | train/fgbf=0.9972 | train/fgbf_loss=0.9972 | train/weighted_fgbf=0.1496 | train/weighted_fgbf_loss=0.1496 | train/fgbf_grad_norm=0.2746 | train/backbone_grad_norm=15.2838 | train/compartment_grad_norm=0.8852 | train/head_grad_norm=3.0680 | train/accuracy=0.4699 | val/kl=1.3609 | val/coral=0.4151 | val/supcon=0.0001 | val/jsn_med=0.0000 | val/jsn_lat=0.0000 | val/osteo=0.0000 | val/uncert=0.0181 | val/total=2.0813 | val/proto=0.3797 | val/fgbf=0.8632 | val/fgbf_loss=0.8632 | val/weighted_fgbf=0.1295 | val/weighted_fgbf_loss=0.1295 | val/accuracy=0.4504 | val/kappa=0.2673 | val/mae=0.9927 | val/macro_f1=0.3337 | val/kl0_f1=0.6002 | val/kl1_recall=0.0000 | val/kl1_f1=0.0000 | val/kl2_recall=0.1840 | val/kl2_f1=0.2492 | val/low_grade_min_recall=0.0000 | val/low_grade_min_f1=0.0000 | val/low_grade_worst_class=1.0000 | val/fgbf_low_grade_accuracy=0.5036 | val/fgbf_kl0_precision=0.5008 | val/fgbf_kl0_recall=0.9543 | val/fgbf_kl0_f1=0.6569 | val/fgbf_kl1_precision=0.0000 | val/fgbf_kl1_recall=0.0000 | val/fgbf_kl1_f1=0.0000 | val/fgbf_kl2_precision=0.5294 | val/fgbf_kl2_recall=0.1698 | val/fgbf_kl2_f1=0.2571 | val/fgbf_boundary_KL1_to_KL0=136.0000 | val/fgbf_boundary_KL1_to_KL2=17.0000 | val/score=0.2082
/home/sr/cordnet/CoRD-Net/trainer.py:479: FutureWarning: `torch.cuda.amp.autocast(args...)` is deprecated. Please use `torch.amp.autocast('cuda', args...)` instead.
  with autocast(enabled=self.tcfg.amp):

============================================================
TRAIN EPOCH DEBUG
============================================================
Average logits: tensor([-1.1697, -1.7592, -1.5297, -2.2641, -3.2931])
============================================================

First batch prediction counts: tensor([8, 0, 0, 0, 0])

========== VALIDATION HISTOGRAM ==========
Pred : [753, 2, 36, 26, 9]
True : [328, 153, 212, 106, 27]
==========================================

2026-10-08 23:39:28 | INFO     | trainer | epoch=9/60 | time=112.3s | lr=1.93e-05 | train/kl=1.3355 | train/coral=0.4158 | train/supcon=0.0001 | train/jsn_med=0.0000 | train/jsn_lat=0.0000 | train/osteo=0.0000 | train/uncert=0.0118 | train/total=2.0689 | train/proto=0.3741 | train/fgbf=0.9942 | train/fgbf_loss=0.9942 | train/weighted_fgbf=0.1491 | train/weighted_fgbf_loss=0.1491 | train/fgbf_grad_norm=0.2534 | train/backbone_grad_norm=14.9565 | train/compartment_grad_norm=0.8106 | train/head_grad_norm=3.0496 | train/accuracy=0.4624 | val/kl=1.3488 | val/coral=0.4247 | val/supcon=0.0002 | val/jsn_med=0.0000 | val/jsn_lat=0.0000 | val/osteo=0.0000 | val/uncert=0.0111 | val/total=2.0711 | val/proto=0.3804 | val/fgbf=0.8486 | val/fgbf_loss=0.8486 | val/weighted_fgbf=0.1273 | val/weighted_fgbf_loss=0.1273 | val/accuracy=0.4455 | val/kappa=0.2035 | val/mae=1.0521 | val/macro_f1=0.3127 | val/kl0_f1=0.5939 | val/kl1_recall=0.0000 | val/kl1_f1=0.0000 | val/kl2_recall=0.0708 | val/kl2_f1=0.1210 | val/low_grade_min_recall=0.0000 | val/low_grade_min_f1=0.0000 | val/low_grade_worst_class=1.0000 | val/fgbf_low_grade_accuracy=0.4877 | val/fgbf_kl0_precision=0.4872 | val/fgbf_kl0_recall=0.9848 | val/fgbf_kl0_f1=0.6519 | val/fgbf_kl1_precision=0.0000 | val/fgbf_kl1_recall=0.0000 | val/fgbf_kl1_f1=0.0000 | val/fgbf_kl2_precision=0.5000 | val/fgbf_kl2_recall=0.0708 | val/fgbf_kl2_f1=0.1240 | val/fgbf_boundary_KL1_to_KL0=143.0000 | val/fgbf_boundary_KL1_to_KL2=10.0000 | val/score=0.1614
/home/sr/cordnet/CoRD-Net/trainer.py:479: FutureWarning: `torch.cuda.amp.autocast(args...)` is deprecated. Please use `torch.amp.autocast('cuda', args...)` instead.
  with autocast(enabled=self.tcfg.amp):

============================================================
TRAIN EPOCH DEBUG
============================================================
Average logits: tensor([-1.2259, -1.7373, -1.5658, -2.3436, -3.3729])
============================================================

First batch prediction counts: tensor([8, 0, 0, 0, 0])

========== VALIDATION HISTOGRAM ==========
Pred : [657, 37, 92, 26, 14]
True : [328, 153, 212, 106, 27]
==========================================

2026-10-08 23:41:28 | INFO     | trainer | epoch=10/60 | time=112.5s | lr=1.88e-05 | train/kl=1.3056 | train/coral=0.4009 | train/supcon=0.0002 | train/jsn_med=0.0000 | train/jsn_lat=0.0000 | train/osteo=0.0000 | train/uncert=0.0082 | train/total=2.0165 | train/proto=0.3627 | train/fgbf=0.9742 | train/fgbf_loss=0.9742 | train/weighted_fgbf=0.1461 | train/weighted_fgbf_loss=0.1461 | train/fgbf_grad_norm=0.2557 | train/backbone_grad_norm=17.0910 | train/compartment_grad_norm=0.7822 | train/head_grad_norm=3.3518 | train/accuracy=0.4754 | val/kl=1.3150 | val/coral=0.3960 | val/supcon=0.0001 | val/jsn_med=0.0000 | val/jsn_lat=0.0000 | val/osteo=0.0000 | val/uncert=0.0031 | val/total=2.0066 | val/proto=0.3672 | val/fgbf=0.8380 | val/fgbf_loss=0.8380 | val/weighted_fgbf=0.1257 | val/weighted_fgbf_loss=0.1257 | val/accuracy=0.4625 | val/kappa=0.3325 | val/mae=0.9274 | val/macro_f1=0.3767 | val/kl0_f1=0.6132 | val/kl1_recall=0.0392 | val/kl1_f1=0.0632 | val/kl2_recall=0.1934 | val/kl2_f1=0.2697 | val/low_grade_min_recall=0.0392 | val/low_grade_min_f1=0.0632 | val/low_grade_worst_class=1.0000 | val/fgbf_low_grade_accuracy=0.4949 | val/fgbf_kl0_precision=0.5145 | val/fgbf_kl0_recall=0.9177 | val/fgbf_kl0_f1=0.6594 | val/fgbf_kl1_precision=0.1633 | val/fgbf_kl1_recall=0.0523 | val/fgbf_kl1_f1=0.0792 | val/fgbf_kl2_precision=0.5763 | val/fgbf_kl2_recall=0.1604 | val/fgbf_kl2_f1=0.2509 | val/fgbf_boundary_KL1_to_KL0=129.0000 | val/fgbf_boundary_KL1_to_KL2=16.0000 | val/score=0.2505
2026-10-08 23:41:28 | INFO     | utils | Checkpoint saved → checkpoints/e8_epoch0010.pt
/home/sr/cordnet/CoRD-Net/trainer.py:479: FutureWarning: `torch.cuda.amp.autocast(args...)` is deprecated. Please use `torch.amp.autocast('cuda', args...)` instead.
  with autocast(enabled=self.tcfg.amp):

============================================================
TRAIN EPOCH DEBUG
============================================================
Average logits: tensor([-1.3805, -1.8292, -1.7332, -2.5130, -3.4840])
============================================================

First batch prediction counts: tensor([6, 0, 2, 0, 0])

========== VALIDATION HISTOGRAM ==========
Pred : [608, 27, 100, 71, 20]
True : [328, 153, 212, 106, 27]
==========================================

2026-10-08 23:43:28 | INFO     | trainer | epoch=11/60 | time=112.3s | lr=1.81e-05 | train/kl=1.1910 | train/coral=0.3366 | train/supcon=0.0001 | train/jsn_med=0.0000 | train/jsn_lat=0.0000 | train/osteo=0.0000 | train/uncert=0.0079 | train/total=1.8173 | train/proto=0.3196 | train/fgbf=0.9124 | train/fgbf_loss=0.9124 | train/weighted_fgbf=0.1369 | train/weighted_fgbf_loss=0.1369 | train/fgbf_grad_norm=0.3076 | train/backbone_grad_norm=23.2100 | train/compartment_grad_norm=0.9030 | train/head_grad_norm=3.6522 | train/accuracy=0.5455 | val/kl=1.2200 | val/coral=0.3591 | val/supcon=0.0001 | val/jsn_med=0.0000 | val/jsn_lat=0.0000 | val/osteo=0.0000 | val/uncert=0.0100 | val/total=1.8494 | val/proto=0.3291 | val/fgbf=0.7908 | val/fgbf_loss=0.7908 | val/weighted_fgbf=0.1186 | val/weighted_fgbf_loss=0.1186 | val/accuracy=0.5303 | val/kappa=0.4618 | val/mae=0.7954 | val/macro_f1=0.4714 | val/kl0_f1=0.6496 | val/kl1_recall=0.0588 | val/kl1_f1=0.1000 | val/kl2_recall=0.2642 | val/kl2_f1=0.3590 | val/low_grade_min_recall=0.0588 | val/low_grade_min_f1=0.1000 | val/low_grade_worst_class=1.0000 | val/fgbf_low_grade_accuracy=0.5426 | val/fgbf_kl0_precision=0.5418 | val/fgbf_kl0_recall=0.9085 | val/fgbf_kl0_f1=0.6788 | val/fgbf_kl1_precision=0.3333 | val/fgbf_kl1_recall=0.0261 | val/fgbf_kl1_f1=0.0485 | val/fgbf_kl2_precision=0.5649 | val/fgbf_kl2_recall=0.3491 | val/fgbf_kl2_f1=0.4315 | val/fgbf_boundary_KL1_to_KL0=118.0000 | val/fgbf_boundary_KL1_to_KL2=31.0000 | val/score=0.3263
/home/sr/cordnet/CoRD-Net/trainer.py:479: FutureWarning: `torch.cuda.amp.autocast(args...)` is deprecated. Please use `torch.amp.autocast('cuda', args...)` instead.
  with autocast(enabled=self.tcfg.amp):

============================================================
TRAIN EPOCH DEBUG
============================================================
Average logits: tensor([-1.2675, -1.8153, -1.6073, -2.5129, -3.4366])
============================================================

First batch prediction counts: tensor([7, 0, 1, 0, 0])

========== VALIDATION HISTOGRAM ==========
Pred : [598, 5, 184, 35, 4]
True : [328, 153, 212, 106, 27]
==========================================

2026-10-08 23:45:28 | INFO     | trainer | epoch=12/60 | time=112.3s | lr=1.73e-05 | train/kl=1.2454 | train/coral=0.3656 | train/supcon=0.0001 | train/jsn_med=0.0000 | train/jsn_lat=0.0000 | train/osteo=0.0000 | train/uncert=0.0050 | train/total=1.9128 | train/proto=0.3429 | train/fgbf=0.9385 | train/fgbf_loss=0.9385 | train/weighted_fgbf=0.1408 | train/weighted_fgbf_loss=0.1408 | train/fgbf_grad_norm=0.3002 | train/backbone_grad_norm=24.8614 | train/compartment_grad_norm=1.0908 | train/head_grad_norm=3.4429 | train/accuracy=0.5158 | val/kl=1.3350 | val/coral=0.4245 | val/supcon=0.0001 | val/jsn_med=0.0000 | val/jsn_lat=0.0000 | val/osteo=0.0000 | val/uncert=0.0036 | val/total=2.0516 | val/proto=0.3781 | val/fgbf=0.8367 | val/fgbf_loss=0.8367 | val/weighted_fgbf=0.1255 | val/weighted_fgbf_loss=0.1255 | val/accuracy=0.4709 | val/kappa=0.3182 | val/mae=0.9213 | val/macro_f1=0.3216 | val/kl0_f1=0.6091 | val/kl1_recall=0.0131 | val/kl1_f1=0.0253 | val/kl2_recall=0.3443 | val/kl2_f1=0.3687 | val/low_grade_min_recall=0.0131 | val/low_grade_min_f1=0.0253 | val/low_grade_worst_class=1.0000 | val/fgbf_low_grade_accuracy=0.4892 | val/fgbf_kl0_precision=0.5124 | val/fgbf_kl0_recall=0.7561 | val/fgbf_kl0_f1=0.6108 | val/fgbf_kl1_precision=0.4000 | val/fgbf_kl1_recall=0.0131 | val/fgbf_kl1_f1=0.0253 | val/fgbf_kl2_precision=0.4363 | val/fgbf_kl2_recall=0.4198 | val/fgbf_kl2_f1=0.4279 | val/fgbf_boundary_KL1_to_KL0=114.0000 | val/fgbf_boundary_KL1_to_KL2=37.0000 | val/score=0.2468
/home/sr/cordnet/CoRD-Net/trainer.py:479: FutureWarning: `torch.cuda.amp.autocast(args...)` is deprecated. Please use `torch.amp.autocast('cuda', args...)` instead.
  with autocast(enabled=self.tcfg.amp):

============================================================
TRAIN EPOCH DEBUG
============================================================
Average logits: tensor([-1.1894, -1.7416, -1.5153, -2.3179, -3.2825])
============================================================

First batch prediction counts: tensor([7, 1, 0, 0, 0])

========== VALIDATION HISTOGRAM ==========
Pred : [646, 27, 100, 43, 10]
True : [328, 153, 212, 106, 27]
==========================================

2026-10-08 23:47:28 | INFO     | trainer | epoch=13/60 | time=112.3s | lr=1.64e-05 | train/kl=1.3178 | train/coral=0.4057 | train/supcon=0.0001 | train/jsn_med=0.0000 | train/jsn_lat=0.0000 | train/osteo=0.0000 | train/uncert=0.0043 | train/total=2.0399 | train/proto=0.3704 | train/fgbf=0.9858 | train/fgbf_loss=0.9858 | train/weighted_fgbf=0.1479 | train/weighted_fgbf_loss=0.1479 | train/fgbf_grad_norm=0.2667 | train/backbone_grad_norm=20.5530 | train/compartment_grad_norm=0.9341 | train/head_grad_norm=3.1433 | train/accuracy=0.4642 | val/kl=1.3075 | val/coral=0.3988 | val/supcon=0.0001 | val/jsn_med=0.0000 | val/jsn_lat=0.0000 | val/osteo=0.0000 | val/uncert=0.0083 | val/total=1.9984 | val/proto=0.3648 | val/fgbf=0.8329 | val/fgbf_loss=0.8329 | val/weighted_fgbf=0.1249 | val/weighted_fgbf_loss=0.1249 | val/accuracy=0.4758 | val/kappa=0.3419 | val/mae=0.9140 | val/macro_f1=0.3764 | val/kl0_f1=0.6181 | val/kl1_recall=0.0392 | val/kl1_f1=0.0667 | val/kl2_recall=0.2170 | val/kl2_f1=0.2949 | val/low_grade_min_recall=0.0392 | val/low_grade_min_f1=0.0667 | val/low_grade_worst_class=1.0000 | val/fgbf_low_grade_accuracy=0.4964 | val/fgbf_kl0_precision=0.5096 | val/fgbf_kl0_recall=0.8933 | val/fgbf_kl0_f1=0.6489 | val/fgbf_kl1_precision=0.2222 | val/fgbf_kl1_recall=0.0261 | val/fgbf_kl1_f1=0.0468 | val/fgbf_kl2_precision=0.4700 | val/fgbf_kl2_recall=0.2217 | val/fgbf_kl2_f1=0.3013 | val/fgbf_boundary_KL1_to_KL0=127.0000 | val/fgbf_boundary_KL1_to_KL2=22.0000 | val/score=0.2590
/home/sr/cordnet/CoRD-Net/trainer.py:479: FutureWarning: `torch.cuda.amp.autocast(args...)` is deprecated. Please use `torch.amp.autocast('cuda', args...)` instead.
  with autocast(enabled=self.tcfg.amp):

============================================================
TRAIN EPOCH DEBUG
============================================================
Average logits: tensor([-1.1728, -1.7477, -1.5097, -2.2783, -3.3518])
============================================================

First batch prediction counts: tensor([7, 0, 1, 0, 0])

========== VALIDATION HISTOGRAM ==========
Pred : [667, 3, 87, 54, 15]
True : [328, 153, 212, 106, 27]
==========================================

2026-10-08 23:49:28 | INFO     | trainer | epoch=14/60 | time=112.0s | lr=1.54e-05 | train/kl=1.3451 | train/coral=0.4237 | train/supcon=0.0003 | train/jsn_med=0.0000 | train/jsn_lat=0.0000 | train/osteo=0.0000 | train/uncert=0.0160 | train/total=2.0863 | train/proto=0.3775 | train/fgbf=0.9907 | train/fgbf_loss=0.9907 | train/weighted_fgbf=0.1486 | train/weighted_fgbf_loss=0.1486 | train/fgbf_grad_norm=0.2499 | train/backbone_grad_norm=17.1733 | train/compartment_grad_norm=0.8115 | train/head_grad_norm=3.4116 | train/accuracy=0.4545 | val/kl=1.2907 | val/coral=0.4013 | val/supcon=0.0003 | val/jsn_med=0.0000 | val/jsn_lat=0.0000 | val/osteo=0.0000 | val/uncert=0.0107 | val/total=1.9827 | val/proto=0.3640 | val/fgbf=0.8341 | val/fgbf_loss=0.8341 | val/weighted_fgbf=0.1251 | val/weighted_fgbf_loss=0.1251 | val/accuracy=0.4782 | val/kappa=0.3323 | val/mae=0.9395 | val/macro_f1=0.3908 | val/kl0_f1=0.6090 | val/kl1_recall=0.0000 | val/kl1_f1=0.0000 | val/kl2_recall=0.1840 | val/kl2_f1=0.2609 | val/low_grade_min_recall=0.0000 | val/low_grade_min_f1=0.0000 | val/low_grade_worst_class=1.0000 | val/fgbf_low_grade_accuracy=0.4978 | val/fgbf_kl0_precision=0.5062 | val/fgbf_kl0_recall=0.8780 | val/fgbf_kl0_f1=0.6421 | val/fgbf_kl1_precision=0.2250 | val/fgbf_kl1_recall=0.0588 | val/fgbf_kl1_f1=0.0933 | val/fgbf_kl2_precision=0.5714 | val/fgbf_kl2_recall=0.2264 | val/fgbf_kl2_f1=0.3243 | val/fgbf_boundary_KL1_to_KL0=124.0000 | val/fgbf_boundary_KL1_to_KL2=20.0000 | val/score=0.2346
/home/sr/cordnet/CoRD-Net/trainer.py:479: FutureWarning: `torch.cuda.amp.autocast(args...)` is deprecated. Please use `torch.amp.autocast('cuda', args...)` instead.
  with autocast(enabled=self.tcfg.amp):

============================================================
TRAIN EPOCH DEBUG
============================================================
Average logits: tensor([-1.1601, -1.8366, -1.5830, -2.3885, -3.3696])
============================================================

First batch prediction counts: tensor([7, 0, 1, 0, 0])

========== VALIDATION HISTOGRAM ==========
Pred : [632, 14, 129, 39, 12]
True : [328, 153, 212, 106, 27]
==========================================

2026-10-08 23:51:27 | INFO     | trainer | epoch=15/60 | time=112.2s | lr=1.43e-05 | train/kl=1.3253 | train/coral=0.4134 | train/supcon=0.0005 | train/jsn_med=0.0000 | train/jsn_lat=0.0000 | train/osteo=0.0000 | train/uncert=0.0331 | train/total=2.0567 | train/proto=0.3700 | train/fgbf=0.9858 | train/fgbf_loss=0.9858 | train/weighted_fgbf=0.1479 | train/weighted_fgbf_loss=0.1479 | train/fgbf_grad_norm=0.2512 | train/backbone_grad_norm=18.4596 | train/compartment_grad_norm=0.6361 | train/head_grad_norm=3.7803 | train/accuracy=0.4775 | val/kl=1.3298 | val/coral=0.4038 | val/supcon=0.0002 | val/jsn_med=0.0000 | val/jsn_lat=0.0000 | val/osteo=0.0000 | val/uncert=0.0261 | val/total=2.0408 | val/proto=0.3739 | val/fgbf=0.8664 | val/fgbf_loss=0.8664 | val/weighted_fgbf=0.1300 | val/weighted_fgbf_loss=0.1300 | val/accuracy=0.4600 | val/kappa=0.3146 | val/mae=0.9492 | val/macro_f1=0.3821 | val/kl0_f1=0.5938 | val/kl1_recall=0.0065 | val/kl1_f1=0.0120 | val/kl2_recall=0.2406 | val/kl2_f1=0.2991 | val/low_grade_min_recall=0.0065 | val/low_grade_min_f1=0.0120 | val/low_grade_worst_class=1.0000 | val/fgbf_low_grade_accuracy=0.4949 | val/fgbf_kl0_precision=0.5079 | val/fgbf_kl0_recall=0.8872 | val/fgbf_kl0_f1=0.6459 | val/fgbf_kl1_precision=0.1724 | val/fgbf_kl1_recall=0.0327 | val/fgbf_kl1_f1=0.0549 | val/fgbf_kl2_precision=0.5165 | val/fgbf_kl2_recall=0.2217 | val/fgbf_kl2_f1=0.3102 | val/fgbf_boundary_KL1_to_KL0=125.0000 | val/fgbf_boundary_KL1_to_KL2=23.0000 | val/score=0.2462
/home/sr/cordnet/CoRD-Net/trainer.py:479: FutureWarning: `torch.cuda.amp.autocast(args...)` is deprecated. Please use `torch.amp.autocast('cuda', args...)` instead.
  with autocast(enabled=self.tcfg.amp):

============================================================
TRAIN EPOCH DEBUG
============================================================
Average logits: tensor([-1.2283, -1.8883, -1.5913, -2.2769, -3.3023])
============================================================

First batch prediction counts: tensor([8, 0, 0, 0, 0])

========== VALIDATION HISTOGRAM ==========
Pred : [735, 4, 35, 37, 15]
True : [328, 153, 212, 106, 27]
==========================================

2026-10-08 23:53:27 | INFO     | trainer | epoch=16/60 | time=112.2s | lr=1.31e-05 | train/kl=1.3066 | train/coral=0.4023 | train/supcon=0.0002 | train/jsn_med=0.0000 | train/jsn_lat=0.0000 | train/osteo=0.0000 | train/uncert=0.0113 | train/total=2.0210 | train/proto=0.3643 | train/fgbf=0.9769 | train/fgbf_loss=0.9769 | train/weighted_fgbf=0.1465 | train/weighted_fgbf_loss=0.1465 | train/fgbf_grad_norm=0.2723 | train/backbone_grad_norm=20.7698 | train/compartment_grad_norm=0.5588 | train/head_grad_norm=3.6153 | train/accuracy=0.4901 | val/kl=1.3644 | val/coral=0.4332 | val/supcon=0.0001 | val/jsn_med=0.0000 | val/jsn_lat=0.0000 | val/osteo=0.0000 | val/uncert=0.0092 | val/total=2.0969 | val/proto=0.3871 | val/fgbf=0.8463 | val/fgbf_loss=0.8463 | val/weighted_fgbf=0.1269 | val/weighted_fgbf_loss=0.1269 | val/accuracy=0.4576 | val/kappa=0.2627 | val/mae=1.0121 | val/macro_f1=0.3282 | val/kl0_f1=0.6021 | val/kl1_recall=0.0131 | val/kl1_f1=0.0255 | val/kl2_recall=0.0849 | val/kl2_f1=0.1457 | val/low_grade_min_recall=0.0131 | val/low_grade_min_f1=0.0255 | val/low_grade_worst_class=1.0000 | val/fgbf_low_grade_accuracy=0.4949 | val/fgbf_kl0_precision=0.5000 | val/fgbf_kl0_recall=0.9695 | val/fgbf_kl0_f1=0.6598 | val/fgbf_kl1_precision=0.2222 | val/fgbf_kl1_recall=0.0261 | val/fgbf_kl1_f1=0.0468 | val/fgbf_kl2_precision=0.5385 | val/fgbf_kl2_recall=0.0991 | val/fgbf_kl2_f1=0.1673 | val/fgbf_boundary_KL1_to_KL0=136.0000 | val/fgbf_boundary_KL1_to_KL2=13.0000 | val/score=0.1827
/home/sr/cordnet/CoRD-Net/trainer.py:479: FutureWarning: `torch.cuda.amp.autocast(args...)` is deprecated. Please use `torch.amp.autocast('cuda', args...)` instead.
  with autocast(enabled=self.tcfg.amp):

============================================================
TRAIN EPOCH DEBUG
============================================================
Average logits: tensor([-1.2257, -1.8315, -1.6779, -2.3449, -3.3505])
============================================================

First batch prediction counts: tensor([8, 0, 0, 0, 0])

========== VALIDATION HISTOGRAM ==========
Pred : [640, 39, 95, 37, 15]
True : [328, 153, 212, 106, 27]
==========================================

2026-10-08 23:55:27 | INFO     | trainer | epoch=17/60 | time=112.2s | lr=1.19e-05 | train/kl=1.2764 | train/coral=0.3885 | train/supcon=0.0001 | train/jsn_med=0.0000 | train/jsn_lat=0.0000 | train/osteo=0.0000 | train/uncert=0.0065 | train/total=1.9682 | train/proto=0.3528 | train/fgbf=0.9567 | train/fgbf_loss=0.9567 | train/weighted_fgbf=0.1435 | train/weighted_fgbf_loss=0.1435 | train/fgbf_grad_norm=0.2625 | train/backbone_grad_norm=21.2230 | train/compartment_grad_norm=0.6143 | train/head_grad_norm=3.5859 | train/accuracy=0.5012 | val/kl=1.3270 | val/coral=0.4142 | val/supcon=0.0001 | val/jsn_med=0.0000 | val/jsn_lat=0.0000 | val/osteo=0.0000 | val/uncert=0.0098 | val/total=2.0375 | val/proto=0.3736 | val/fgbf=0.8521 | val/fgbf_loss=0.8521 | val/weighted_fgbf=0.1278 | val/weighted_fgbf_loss=0.1278 | val/accuracy=0.4613 | val/kappa=0.2785 | val/mae=0.9722 | val/macro_f1=0.3960 | val/kl0_f1=0.5847 | val/kl1_recall=0.0784 | val/kl1_f1=0.1250 | val/kl2_recall=0.2123 | val/kl2_f1=0.2932 | val/low_grade_min_recall=0.0784 | val/low_grade_min_f1=0.1250 | val/low_grade_worst_class=1.0000 | val/fgbf_low_grade_accuracy=0.4921 | val/fgbf_kl0_precision=0.5036 | val/fgbf_kl0_recall=0.8598 | val/fgbf_kl0_f1=0.6351 | val/fgbf_kl1_precision=0.2917 | val/fgbf_kl1_recall=0.0915 | val/fgbf_kl1_f1=0.1393 | val/fgbf_kl2_precision=0.5294 | val/fgbf_kl2_recall=0.2123 | val/fgbf_kl2_f1=0.3030 | val/fgbf_boundary_KL1_to_KL0=117.0000 | val/fgbf_boundary_KL1_to_KL2=22.0000 | val/score=0.2838
/home/sr/cordnet/CoRD-Net/trainer.py:479: FutureWarning: `torch.cuda.amp.autocast(args...)` is deprecated. Please use `torch.amp.autocast('cuda', args...)` instead.
  with autocast(enabled=self.tcfg.amp):

============================================================
TRAIN EPOCH DEBUG
============================================================
Average logits: tensor([-1.2803, -1.8814, -1.7054, -2.4109, -3.4050])
============================================================

First batch prediction counts: tensor([8, 0, 0, 0, 0])

========== VALIDATION HISTOGRAM ==========
Pred : [594, 51, 116, 44, 21]
True : [328, 153, 212, 106, 27]
==========================================

2026-10-08 23:57:27 | INFO     | trainer | epoch=18/60 | time=112.3s | lr=1.06e-05 | train/kl=1.2383 | train/coral=0.3678 | train/supcon=0.0001 | train/jsn_med=0.0000 | train/jsn_lat=0.0000 | train/osteo=0.0000 | train/uncert=0.0056 | train/total=1.8995 | train/proto=0.3375 | train/fgbf=0.9251 | train/fgbf_loss=0.9251 | train/weighted_fgbf=0.1388 | train/weighted_fgbf_loss=0.1388 | train/fgbf_grad_norm=0.2876 | train/backbone_grad_norm=24.5125 | train/compartment_grad_norm=0.6191 | train/head_grad_norm=3.6544 | train/accuracy=0.5194 | val/kl=1.2546 | val/coral=0.3736 | val/supcon=0.0001 | val/jsn_med=0.0000 | val/jsn_lat=0.0000 | val/osteo=0.0000 | val/uncert=0.0060 | val/total=1.9128 | val/proto=0.3468 | val/fgbf=0.8228 | val/fgbf_loss=0.8228 | val/weighted_fgbf=0.1234 | val/weighted_fgbf_loss=0.1234 | val/accuracy=0.5315 | val/kappa=0.4484 | val/mae=0.7893 | val/macro_f1=0.4818 | val/kl0_f1=0.6529 | val/kl1_recall=0.1242 | val/kl1_f1=0.1863 | val/kl2_recall=0.3066 | val/kl2_f1=0.3963 | val/low_grade_min_recall=0.1242 | val/low_grade_min_f1=0.1863 | val/low_grade_worst_class=1.0000 | val/fgbf_low_grade_accuracy=0.5469 | val/fgbf_kl0_precision=0.5486 | val/fgbf_kl0_recall=0.9116 | val/fgbf_kl0_f1=0.6850 | val/fgbf_kl1_precision=0.3387 | val/fgbf_kl1_recall=0.1373 | val/fgbf_kl1_f1=0.1953 | val/fgbf_kl2_precision=0.6860 | val/fgbf_kl2_recall=0.2783 | val/fgbf_kl2_f1=0.3960 | val/fgbf_boundary_KL1_to_KL0=113.0000 | val/fgbf_boundary_KL1_to_KL2=19.0000 | val/score=0.3675
/home/sr/cordnet/CoRD-Net/trainer.py:479: FutureWarning: `torch.cuda.amp.autocast(args...)` is deprecated. Please use `torch.amp.autocast('cuda', args...)` instead.
  with autocast(enabled=self.tcfg.amp):

============================================================
TRAIN EPOCH DEBUG
============================================================
Average logits: tensor([-1.3235, -1.9394, -1.7113, -2.4973, -3.4293])
============================================================

First batch prediction counts: tensor([8, 0, 0, 0, 0])

========== VALIDATION HISTOGRAM ==========
Pred : [655, 23, 92, 40, 16]
True : [328, 153, 212, 106, 27]
==========================================

2026-10-08 23:59:27 | INFO     | trainer | epoch=19/60 | time=112.2s | lr=9.37e-06 | train/kl=1.2109 | train/coral=0.3533 | train/supcon=0.0001 | train/jsn_med=0.0000 | train/jsn_lat=0.0000 | train/osteo=0.0000 | train/uncert=0.0057 | train/total=1.8545 | train/proto=0.3288 | train/fgbf=0.9133 | train/fgbf_loss=0.9133 | train/weighted_fgbf=0.1370 | train/weighted_fgbf_loss=0.1370 | train/fgbf_grad_norm=0.2874 | train/backbone_grad_norm=26.0541 | train/compartment_grad_norm=0.6615 | train/head_grad_norm=3.7783 | train/accuracy=0.5391 | val/kl=1.2941 | val/coral=0.3917 | val/supcon=0.0001 | val/jsn_med=0.0000 | val/jsn_lat=0.0000 | val/osteo=0.0000 | val/uncert=0.0035 | val/total=1.9822 | val/proto=0.3652 | val/fgbf=0.8425 | val/fgbf_loss=0.8425 | val/weighted_fgbf=0.1264 | val/weighted_fgbf_loss=0.1264 | val/accuracy=0.4976 | val/kappa=0.3716 | val/mae=0.8814 | val/macro_f1=0.4240 | val/kl0_f1=0.6287 | val/kl1_recall=0.0458 | val/kl1_f1=0.0795 | val/kl2_recall=0.2311 | val/kl2_f1=0.3224 | val/low_grade_min_recall=0.0458 | val/low_grade_min_f1=0.0795 | val/low_grade_worst_class=1.0000 | val/fgbf_low_grade_accuracy=0.5354 | val/fgbf_kl0_precision=0.5245 | val/fgbf_kl0_recall=0.9482 | val/fgbf_kl0_f1=0.6754 | val/fgbf_kl1_precision=0.3846 | val/fgbf_kl1_recall=0.0654 | val/fgbf_kl1_f1=0.1117 | val/fgbf_kl2_precision=0.6757 | val/fgbf_kl2_recall=0.2358 | val/fgbf_kl2_f1=0.3497 | val/fgbf_boundary_KL1_to_KL0=126.0000 | val/fgbf_boundary_KL1_to_KL2=17.0000 | val/score=0.2902
/home/sr/cordnet/CoRD-Net/trainer.py:479: FutureWarning: `torch.cuda.amp.autocast(args...)` is deprecated. Please use `torch.amp.autocast('cuda', args...)` instead.
  with autocast(enabled=self.tcfg.amp):

============================================================
TRAIN EPOCH DEBUG
============================================================
Average logits: tensor([-1.3441, -1.9578, -1.7527, -2.4761, -3.4659])
============================================================

First batch prediction counts: tensor([8, 0, 0, 0, 0])

========== VALIDATION HISTOGRAM ==========
Pred : [520, 78, 135, 69, 24]
True : [328, 153, 212, 106, 27]
==========================================

2026-10-09 00:01:26 | INFO     | trainer | epoch=20/60 | time=112.2s | lr=8.13e-06 | train/kl=1.1948 | train/coral=0.3456 | train/supcon=0.0001 | train/jsn_med=0.0000 | train/jsn_lat=0.0000 | train/osteo=0.0000 | train/uncert=0.0053 | train/total=1.8275 | train/proto=0.3231 | train/fgbf=0.9048 | train/fgbf_loss=0.9048 | train/weighted_fgbf=0.1357 | train/weighted_fgbf_loss=0.1357 | train/fgbf_grad_norm=0.2877 | train/backbone_grad_norm=26.5903 | train/compartment_grad_norm=0.6892 | train/head_grad_norm=3.6854 | train/accuracy=0.5538 | val/kl=1.2114 | val/coral=0.3423 | val/supcon=0.0001 | val/jsn_med=0.0000 | val/jsn_lat=0.0000 | val/osteo=0.0000 | val/uncert=0.0060 | val/total=1.8278 | val/proto=0.3282 | val/fgbf=0.7717 | val/fgbf_loss=0.7717 | val/weighted_fgbf=0.1158 | val/weighted_fgbf_loss=0.1158 | val/accuracy=0.5327 | val/kappa=0.5397 | val/mae=0.7215 | val/macro_f1=0.5180 | val/kl0_f1=0.6604 | val/kl1_recall=0.1373 | val/kl1_f1=0.1818 | val/kl2_recall=0.3302 | val/kl2_f1=0.4035 | val/low_grade_min_recall=0.1373 | val/low_grade_min_f1=0.1818 | val/low_grade_worst_class=1.0000 | val/fgbf_low_grade_accuracy=0.5584 | val/fgbf_kl0_precision=0.5743 | val/fgbf_kl0_recall=0.8720 | val/fgbf_kl0_f1=0.6925 | val/fgbf_kl1_precision=0.2407 | val/fgbf_kl1_recall=0.0850 | val/fgbf_kl1_f1=0.1256 | val/fgbf_kl2_precision=0.6241 | val/fgbf_kl2_recall=0.4151 | val/fgbf_kl2_f1=0.4986 | val/fgbf_boundary_KL1_to_KL0=105.0000 | val/fgbf_boundary_KL1_to_KL2=35.0000 | val/score=0.3828
2026-10-09 00:01:27 | INFO     | utils | Checkpoint saved → checkpoints/e8_epoch0020.pt
/home/sr/cordnet/CoRD-Net/trainer.py:479: FutureWarning: `torch.cuda.amp.autocast(args...)` is deprecated. Please use `torch.amp.autocast('cuda', args...)` instead.
  with autocast(enabled=self.tcfg.amp):

============================================================
TRAIN EPOCH DEBUG
============================================================
Average logits: tensor([-1.4024, -1.8901, -1.7826, -2.6014, -3.4886])
============================================================

First batch prediction counts: tensor([8, 0, 0, 0, 0])

========== VALIDATION HISTOGRAM ==========
Pred : [500, 65, 178, 59, 24]
True : [328, 153, 212, 106, 27]
==========================================

2026-10-09 00:03:26 | INFO     | trainer | epoch=21/60 | time=112.2s | lr=6.91e-06 | train/kl=1.1493 | train/coral=0.3186 | train/supcon=0.0001 | train/jsn_med=0.0000 | train/jsn_lat=0.0000 | train/osteo=0.0000 | train/uncert=0.0046 | train/total=1.7481 | train/proto=0.3072 | train/fgbf=0.8752 | train/fgbf_loss=0.8752 | train/weighted_fgbf=0.1313 | train/weighted_fgbf_loss=0.1313 | train/fgbf_grad_norm=0.2890 | train/backbone_grad_norm=29.5786 | train/compartment_grad_norm=0.8272 | train/head_grad_norm=3.8629 | train/accuracy=0.5734 | val/kl=1.2297 | val/coral=0.3593 | val/supcon=0.0001 | val/jsn_med=0.0000 | val/jsn_lat=0.0000 | val/osteo=0.0000 | val/uncert=0.0049 | val/total=1.8663 | val/proto=0.3346 | val/fgbf=0.8093 | val/fgbf_loss=0.8093 | val/weighted_fgbf=0.1214 | val/weighted_fgbf_loss=0.1214 | val/accuracy=0.5254 | val/kappa=0.5033 | val/mae=0.7494 | val/macro_f1=0.4866 | val/kl0_f1=0.6498 | val/kl1_recall=0.1373 | val/kl1_f1=0.1927 | val/kl2_recall=0.4151 | val/kl2_f1=0.4513 | val/low_grade_min_recall=0.1373 | val/low_grade_min_f1=0.1927 | val/low_grade_worst_class=1.0000 | val/fgbf_low_grade_accuracy=0.5584 | val/fgbf_kl0_precision=0.5876 | val/fgbf_kl0_recall=0.8079 | val/fgbf_kl0_f1=0.6804 | val/fgbf_kl1_precision=0.3099 | val/fgbf_kl1_recall=0.1438 | val/fgbf_kl1_f1=0.1964 | val/fgbf_kl2_precision=0.5848 | val/fgbf_kl2_recall=0.4717 | val/fgbf_kl2_f1=0.5222 | val/fgbf_boundary_KL1_to_KL0=91.0000 | val/fgbf_boundary_KL1_to_KL2=40.0000 | val/score=0.3878
/home/sr/cordnet/CoRD-Net/trainer.py:479: FutureWarning: `torch.cuda.amp.autocast(args...)` is deprecated. Please use `torch.amp.autocast('cuda', args...)` instead.
  with autocast(enabled=self.tcfg.amp):

============================================================
TRAIN EPOCH DEBUG
============================================================
Average logits: tensor([-1.3788, -1.8790, -1.7672, -2.5886, -3.4753])
============================================================

First batch prediction counts: tensor([8, 0, 0, 0, 0])

========== VALIDATION HISTOGRAM ==========
Pred : [587, 67, 104, 52, 16]
True : [328, 153, 212, 106, 27]
==========================================

2026-10-09 00:05:26 | INFO     | trainer | epoch=22/60 | time=112.1s | lr=5.74e-06 | train/kl=1.1611 | train/coral=0.3253 | train/supcon=0.0001 | train/jsn_med=0.0000 | train/jsn_lat=0.0000 | train/osteo=0.0000 | train/uncert=0.0043 | train/total=1.7674 | train/proto=0.3109 | train/fgbf=0.8794 | train/fgbf_loss=0.8794 | train/weighted_fgbf=0.1319 | train/weighted_fgbf_loss=0.1319 | train/fgbf_grad_norm=0.2899 | train/backbone_grad_norm=28.2133 | train/compartment_grad_norm=0.8265 | train/head_grad_norm=3.8356 | train/accuracy=0.5623 | val/kl=1.2671 | val/coral=0.3740 | val/supcon=0.0000 | val/jsn_med=0.0000 | val/jsn_lat=0.0000 | val/osteo=0.0000 | val/uncert=0.0047 | val/total=1.9286 | val/proto=0.3500 | val/fgbf=0.8240 | val/fgbf_loss=0.8240 | val/weighted_fgbf=0.1236 | val/weighted_fgbf_loss=0.1236 | val/accuracy=0.5145 | val/kappa=0.4431 | val/mae=0.8015 | val/macro_f1=0.4774 | val/kl0_f1=0.6404 | val/kl1_recall=0.1307 | val/kl1_f1=0.1818 | val/kl2_recall=0.2689 | val/kl2_f1=0.3608 | val/low_grade_min_recall=0.1307 | val/low_grade_min_f1=0.1818 | val/low_grade_worst_class=1.0000 | val/fgbf_low_grade_accuracy=0.5483 | val/fgbf_kl0_precision=0.5514 | val/fgbf_kl0_recall=0.8994 | val/fgbf_kl0_f1=0.6837 | val/fgbf_kl1_precision=0.2881 | val/fgbf_kl1_recall=0.1111 | val/fgbf_kl1_f1=0.1604 | val/fgbf_kl2_precision=0.6869 | val/fgbf_kl2_recall=0.3208 | val/fgbf_kl2_f1=0.4373 | val/fgbf_boundary_KL1_to_KL0=116.0000 | val/fgbf_boundary_KL1_to_KL2=20.0000 | val/score=0.3537
/home/sr/cordnet/CoRD-Net/trainer.py:479: FutureWarning: `torch.cuda.amp.autocast(args...)` is deprecated. Please use `torch.amp.autocast('cuda', args...)` instead.
  with autocast(enabled=self.tcfg.amp):

============================================================
TRAIN EPOCH DEBUG
============================================================
Average logits: tensor([-1.3990, -1.9158, -1.7500, -2.6113, -3.4652])
============================================================

First batch prediction counts: tensor([8, 0, 0, 0, 0])

========== VALIDATION HISTOGRAM ==========
Pred : [523, 93, 120, 74, 16]
True : [328, 153, 212, 106, 27]
==========================================

2026-10-09 00:07:26 | INFO     | trainer | epoch=23/60 | time=112.3s | lr=4.64e-06 | train/kl=1.1622 | train/coral=0.3266 | train/supcon=0.0001 | train/jsn_med=0.0000 | train/jsn_lat=0.0000 | train/osteo=0.0000 | train/uncert=0.0039 | train/total=1.7689 | train/proto=0.3103 | train/fgbf=0.8819 | train/fgbf_loss=0.8819 | train/weighted_fgbf=0.1323 | train/weighted_fgbf_loss=0.1323 | train/fgbf_grad_norm=0.3108 | train/backbone_grad_norm=28.5766 | train/compartment_grad_norm=0.7897 | train/head_grad_norm=3.8380 | train/accuracy=0.5658 | val/kl=1.2154 | val/coral=0.3491 | val/supcon=0.0001 | val/jsn_med=0.0000 | val/jsn_lat=0.0000 | val/osteo=0.0000 | val/uncert=0.0052 | val/total=1.8382 | val/proto=0.3278 | val/fgbf=0.7956 | val/fgbf_loss=0.7956 | val/weighted_fgbf=0.1193 | val/weighted_fgbf_loss=0.1193 | val/accuracy=0.5375 | val/kappa=0.5266 | val/mae=0.7191 | val/macro_f1=0.5027 | val/kl0_f1=0.6627 | val/kl1_recall=0.1830 | val/kl1_f1=0.2276 | val/kl2_recall=0.3349 | val/kl2_f1=0.4277 | val/low_grade_min_recall=0.1830 | val/low_grade_min_f1=0.2276 | val/low_grade_worst_class=1.0000 | val/fgbf_low_grade_accuracy=0.5584 | val/fgbf_kl0_precision=0.5700 | val/fgbf_kl0_recall=0.8811 | val/fgbf_kl0_f1=0.6922 | val/fgbf_kl1_precision=0.3026 | val/fgbf_kl1_recall=0.1503 | val/fgbf_kl1_f1=0.2009 | val/fgbf_kl2_precision=0.6818 | val/fgbf_kl2_recall=0.3538 | val/fgbf_kl2_f1=0.4658 | val/fgbf_boundary_KL1_to_KL0=108.0000 | val/fgbf_boundary_KL1_to_KL2=22.0000 | val/score=0.3977
/home/sr/cordnet/CoRD-Net/trainer.py:479: FutureWarning: `torch.cuda.amp.autocast(args...)` is deprecated. Please use `torch.amp.autocast('cuda', args...)` instead.
  with autocast(enabled=self.tcfg.amp):

============================================================
TRAIN EPOCH DEBUG
============================================================
Average logits: tensor([-1.4590, -1.9385, -1.7758, -2.6779, -3.5679])
============================================================

First batch prediction counts: tensor([7, 0, 1, 0, 0])

========== VALIDATION HISTOGRAM ==========
Pred : [461, 108, 160, 75, 22]
True : [328, 153, 212, 106, 27]
==========================================

2026-10-09 00:09:26 | INFO     | trainer | epoch=24/60 | time=112.3s | lr=3.63e-06 | train/kl=1.1029 | train/coral=0.2944 | train/supcon=0.0001 | train/jsn_med=0.0000 | train/jsn_lat=0.0000 | train/osteo=0.0000 | train/uncert=0.0045 | train/total=1.6682 | train/proto=0.2887 | train/fgbf=0.8567 | train/fgbf_loss=0.8567 | train/weighted_fgbf=0.1285 | train/weighted_fgbf_loss=0.1285 | train/fgbf_grad_norm=0.3053 | train/backbone_grad_norm=31.6447 | train/compartment_grad_norm=0.8694 | train/head_grad_norm=3.9649 | train/accuracy=0.6030 | val/kl=1.1600 | val/coral=0.3133 | val/supcon=0.0001 | val/jsn_med=0.0000 | val/jsn_lat=0.0000 | val/osteo=0.0000 | val/uncert=0.0052 | val/total=1.7348 | val/proto=0.3047 | val/fgbf=0.7500 | val/fgbf_loss=0.7500 | val/weighted_fgbf=0.1125 | val/weighted_fgbf_loss=0.1125 | val/accuracy=0.5617 | val/kappa=0.6080 | val/mae=0.6368 | val/macro_f1=0.5594 | val/kl0_f1=0.6768 | val/kl1_recall=0.2157 | val/kl1_f1=0.2529 | val/kl2_recall=0.4245 | val/kl2_f1=0.4839 | val/low_grade_min_recall=0.2157 | val/low_grade_min_f1=0.2529 | val/low_grade_worst_class=1.0000 | val/fgbf_low_grade_accuracy=0.5758 | val/fgbf_kl0_precision=0.6026 | val/fgbf_kl0_recall=0.8506 | val/fgbf_kl0_f1=0.7054 | val/fgbf_kl1_precision=0.2683 | val/fgbf_kl1_recall=0.1438 | val/fgbf_kl1_f1=0.1872 | val/fgbf_kl2_precision=0.6622 | val/fgbf_kl2_recall=0.4623 | val/fgbf_kl2_f1=0.5444 | val/fgbf_boundary_KL1_to_KL0=101.0000 | val/fgbf_boundary_KL1_to_KL2=30.0000 | val/score=0.4448
/home/sr/cordnet/CoRD-Net/trainer.py:479: FutureWarning: `torch.cuda.amp.autocast(args...)` is deprecated. Please use `torch.amp.autocast('cuda', args...)` instead.
  with autocast(enabled=self.tcfg.amp):

============================================================
TRAIN EPOCH DEBUG
============================================================
Average logits: tensor([-1.4766, -1.9651, -1.7920, -2.7570, -3.5849])
============================================================

First batch prediction counts: tensor([7, 0, 1, 0, 0])

========== VALIDATION HISTOGRAM ==========
Pred : [431, 99, 187, 82, 27]
True : [328, 153, 212, 106, 27]
==========================================

2026-10-09 00:11:26 | INFO     | trainer | epoch=25/60 | time=112.2s | lr=2.71e-06 | train/kl=1.0831 | train/coral=0.2835 | train/supcon=0.0001 | train/jsn_med=0.0000 | train/jsn_lat=0.0000 | train/osteo=0.0000 | train/uncert=0.0046 | train/total=1.6327 | train/proto=0.2811 | train/fgbf=0.8383 | train/fgbf_loss=0.8383 | train/weighted_fgbf=0.1258 | train/weighted_fgbf_loss=0.1258 | train/fgbf_grad_norm=0.3026 | train/backbone_grad_norm=32.1833 | train/compartment_grad_norm=0.9030 | train/head_grad_norm=4.0261 | train/accuracy=0.6091 | val/kl=1.0947 | val/coral=0.2772 | val/supcon=0.0001 | val/jsn_med=0.0000 | val/jsn_lat=0.0000 | val/osteo=0.0000 | val/uncert=0.0058 | val/total=1.6252 | val/proto=0.2823 | val/fgbf=0.7232 | val/fgbf_loss=0.7232 | val/weighted_fgbf=0.1085 | val/weighted_fgbf_loss=0.1085 | val/accuracy=0.5908 | val/kappa=0.6894 | val/mae=0.5569 | val/macro_f1=0.5868 | val/kl0_f1=0.7115 | val/kl1_recall=0.1830 | val/kl1_f1=0.2222 | val/kl2_recall=0.5047 | val/kl2_f1=0.5363 | val/low_grade_min_recall=0.1830 | val/low_grade_min_f1=0.2222 | val/low_grade_worst_class=1.0000 | val/fgbf_low_grade_accuracy=0.5945 | val/fgbf_kl0_precision=0.6159 | val/fgbf_kl0_recall=0.8506 | val/fgbf_kl0_f1=0.7145 | val/fgbf_kl1_precision=0.2833 | val/fgbf_kl1_recall=0.1111 | val/fgbf_kl1_f1=0.1596 | val/fgbf_kl2_precision=0.6444 | val/fgbf_kl2_recall=0.5472 | val/fgbf_kl2_f1=0.5918 | val/fgbf_boundary_KL1_to_KL0=97.0000 | val/fgbf_boundary_KL1_to_KL2=39.0000 | val/score=0.4623
/home/sr/cordnet/CoRD-Net/trainer.py:479: FutureWarning: `torch.cuda.amp.autocast(args...)` is deprecated. Please use `torch.amp.autocast('cuda', args...)` instead.
  with autocast(enabled=self.tcfg.amp):

============================================================
TRAIN EPOCH DEBUG
============================================================
Average logits: tensor([-1.5017, -1.9490, -1.8388, -2.8472, -3.6240])
============================================================

First batch prediction counts: tensor([6, 1, 1, 0, 0])

========== VALIDATION HISTOGRAM ==========
Pred : [432, 132, 160, 70, 32]
True : [328, 153, 212, 106, 27]
==========================================

2026-10-09 00:13:25 | INFO     | trainer | epoch=26/60 | time=112.0s | lr=1.91e-06 | train/kl=1.0647 | train/coral=0.2756 | train/supcon=0.0001 | train/jsn_med=0.0000 | train/jsn_lat=0.0000 | train/osteo=0.0000 | train/uncert=0.0045 | train/total=1.6019 | train/proto=0.2755 | train/fgbf=0.8194 | train/fgbf_loss=0.8194 | train/weighted_fgbf=0.1229 | train/weighted_fgbf_loss=0.1229 | train/fgbf_grad_norm=0.3202 | train/backbone_grad_norm=33.0780 | train/compartment_grad_norm=0.9483 | train/head_grad_norm=4.1950 | train/accuracy=0.6186 | val/kl=1.0950 | val/coral=0.2748 | val/supcon=0.0000 | val/jsn_med=0.0000 | val/jsn_lat=0.0000 | val/osteo=0.0000 | val/uncert=0.0082 | val/total=1.6197 | val/proto=0.2785 | val/fgbf=0.7143 | val/fgbf_loss=0.7143 | val/weighted_fgbf=0.1072 | val/weighted_fgbf_loss=0.1072 | val/accuracy=0.5993 | val/kappa=0.7091 | val/mae=0.5315 | val/macro_f1=0.6080 | val/kl0_f1=0.7105 | val/kl1_recall=0.2614 | val/kl1_f1=0.2807 | val/kl2_recall=0.4858 | val/kl2_f1=0.5538 | val/low_grade_min_recall=0.2614 | val/low_grade_min_f1=0.2807 | val/low_grade_worst_class=1.0000 | val/fgbf_low_grade_accuracy=0.6248 | val/fgbf_kl0_precision=0.6419 | val/fgbf_kl0_recall=0.8689 | val/fgbf_kl0_f1=0.7383 | val/fgbf_kl1_precision=0.3571 | val/fgbf_kl1_recall=0.2288 | val/fgbf_kl1_f1=0.2789 | val/fgbf_kl2_precision=0.7483 | val/fgbf_kl2_recall=0.5330 | val/fgbf_kl2_f1=0.6226 | val/fgbf_boundary_KL1_to_KL0=95.0000 | val/fgbf_boundary_KL1_to_KL2=23.0000 | val/score=0.4936
/home/sr/cordnet/CoRD-Net/trainer.py:479: FutureWarning: `torch.cuda.amp.autocast(args...)` is deprecated. Please use `torch.amp.autocast('cuda', args...)` instead.
  with autocast(enabled=self.tcfg.amp):

============================================================
TRAIN EPOCH DEBUG
============================================================
Average logits: tensor([-1.5023, -1.9539, -1.8470, -2.8535, -3.5661])
============================================================

First batch prediction counts: tensor([7, 0, 1, 0, 0])

========== VALIDATION HISTOGRAM ==========
Pred : [415, 110, 197, 78, 26]
True : [328, 153, 212, 106, 27]
==========================================

2026-10-09 00:15:25 | INFO     | trainer | epoch=27/60 | time=112.3s | lr=1.24e-06 | train/kl=1.0649 | train/coral=0.2740 | train/supcon=0.0001 | train/jsn_med=0.0000 | train/jsn_lat=0.0000 | train/osteo=0.0000 | train/uncert=0.0048 | train/total=1.6006 | train/proto=0.2741 | train/fgbf=0.8241 | train/fgbf_loss=0.8241 | train/weighted_fgbf=0.1236 | train/weighted_fgbf_loss=0.1236 | train/fgbf_grad_norm=0.3373 | train/backbone_grad_norm=33.2071 | train/compartment_grad_norm=0.9720 | train/head_grad_norm=4.1909 | train/accuracy=0.6160 | val/kl=1.0797 | val/coral=0.2743 | val/supcon=0.0000 | val/jsn_med=0.0000 | val/jsn_lat=0.0000 | val/osteo=0.0000 | val/uncert=0.0057 | val/total=1.6056 | val/proto=0.2777 | val/fgbf=0.7322 | val/fgbf_loss=0.7322 | val/weighted_fgbf=0.1098 | val/weighted_fgbf_loss=0.1098 | val/accuracy=0.6114 | val/kappa=0.6883 | val/mae=0.5387 | val/macro_f1=0.6171 | val/kl0_f1=0.7106 | val/kl1_recall=0.2484 | val/kl1_f1=0.2890 | val/kl2_recall=0.5613 | val/kl2_f1=0.5819 | val/low_grade_min_recall=0.2484 | val/low_grade_min_f1=0.2890 | val/low_grade_worst_class=1.0000 | val/fgbf_low_grade_accuracy=0.6032 | val/fgbf_kl0_precision=0.6618 | val/fgbf_kl0_recall=0.8232 | val/fgbf_kl0_f1=0.7337 | val/fgbf_kl1_precision=0.2979 | val/fgbf_kl1_recall=0.1830 | val/fgbf_kl1_f1=0.2267 | val/fgbf_kl2_precision=0.6283 | val/fgbf_kl2_recall=0.5660 | val/fgbf_kl2_f1=0.5955 | val/fgbf_boundary_KL1_to_KL0=81.0000 | val/fgbf_boundary_KL1_to_KL2=44.0000 | val/score=0.5081
/home/sr/cordnet/CoRD-Net/trainer.py:479: FutureWarning: `torch.cuda.amp.autocast(args...)` is deprecated. Please use `torch.amp.autocast('cuda', args...)` instead.
  with autocast(enabled=self.tcfg.amp):

============================================================
TRAIN EPOCH DEBUG
============================================================
Average logits: tensor([-1.5304, -2.0003, -1.8768, -2.8003, -3.5804])
============================================================

First batch prediction counts: tensor([6, 0, 2, 0, 0])

========== VALIDATION HISTOGRAM ==========
Pred : [455, 108, 158, 79, 26]
True : [328, 153, 212, 106, 27]
==========================================

2026-10-09 00:17:25 | INFO     | trainer | epoch=28/60 | time=112.0s | lr=7.02e-07 | train/kl=1.0425 | train/coral=0.2651 | train/supcon=0.0001 | train/jsn_med=0.0000 | train/jsn_lat=0.0000 | train/osteo=0.0000 | train/uncert=0.0045 | train/total=1.5638 | train/proto=0.2664 | train/fgbf=0.8098 | train/fgbf_loss=0.8098 | train/weighted_fgbf=0.1215 | train/weighted_fgbf_loss=0.1215 | train/fgbf_grad_norm=0.3373 | train/backbone_grad_norm=33.1706 | train/compartment_grad_norm=0.9690 | train/head_grad_norm=4.0558 | train/accuracy=0.6342 | val/kl=1.1231 | val/coral=0.2973 | val/supcon=0.0000 | val/jsn_med=0.0000 | val/jsn_lat=0.0000 | val/osteo=0.0000 | val/uncert=0.0059 | val/total=1.6801 | val/proto=0.2929 | val/fgbf=0.7613 | val/fgbf_loss=0.7613 | val/weighted_fgbf=0.1142 | val/weighted_fgbf_loss=0.1142 | val/accuracy=0.5872 | val/kappa=0.6503 | val/mae=0.5908 | val/macro_f1=0.5912 | val/kl0_f1=0.6845 | val/kl1_recall=0.2288 | val/kl1_f1=0.2682 | val/kl2_recall=0.4623 | val/kl2_f1=0.5297 | val/low_grade_min_recall=0.2288 | val/low_grade_min_f1=0.2682 | val/low_grade_worst_class=1.0000 | val/fgbf_low_grade_accuracy=0.5815 | val/fgbf_kl0_precision=0.6017 | val/fgbf_kl0_recall=0.8567 | val/fgbf_kl0_f1=0.7069 | val/fgbf_kl1_precision=0.2466 | val/fgbf_kl1_recall=0.1176 | val/fgbf_kl1_f1=0.1593 | val/fgbf_kl2_precision=0.6797 | val/fgbf_kl2_recall=0.4906 | val/fgbf_kl2_f1=0.5699 | val/fgbf_boundary_KL1_to_KL0=104.0000 | val/fgbf_boundary_KL1_to_KL2=31.0000 | val/score=0.4759
/home/sr/cordnet/CoRD-Net/trainer.py:479: FutureWarning: `torch.cuda.amp.autocast(args...)` is deprecated. Please use `torch.amp.autocast('cuda', args...)` instead.
  with autocast(enabled=self.tcfg.amp):

============================================================
TRAIN EPOCH DEBUG
============================================================
Average logits: tensor([-1.5055, -1.9848, -1.8888, -2.8258, -3.6077])
============================================================

First batch prediction counts: tensor([7, 1, 0, 0, 0])

========== VALIDATION HISTOGRAM ==========
Pred : [449, 105, 162, 87, 23]
True : [328, 153, 212, 106, 27]
==========================================

2026-10-09 00:19:24 | INFO     | trainer | epoch=29/60 | time=112.3s | lr=3.14e-07 | train/kl=1.0530 | train/coral=0.2686 | train/supcon=0.0001 | train/jsn_med=0.0000 | train/jsn_lat=0.0000 | train/osteo=0.0000 | train/uncert=0.0048 | train/total=1.5831 | train/proto=0.2721 | train/fgbf=0.8186 | train/fgbf_loss=0.8186 | train/weighted_fgbf=0.1228 | train/weighted_fgbf_loss=0.1228 | train/fgbf_grad_norm=0.3390 | train/backbone_grad_norm=33.5439 | train/compartment_grad_norm=0.9768 | train/head_grad_norm=4.1227 | train/accuracy=0.6340 | val/kl=1.1151 | val/coral=0.2951 | val/supcon=0.0000 | val/jsn_med=0.0000 | val/jsn_lat=0.0000 | val/osteo=0.0000 | val/uncert=0.0056 | val/total=1.6615 | val/proto=0.2872 | val/fgbf=0.7367 | val/fgbf_loss=0.7367 | val/weighted_fgbf=0.1105 | val/weighted_fgbf_loss=0.1105 | val/accuracy=0.5944 | val/kappa=0.6584 | val/mae=0.5775 | val/macro_f1=0.6029 | val/kl0_f1=0.6950 | val/kl1_recall=0.2288 | val/kl1_f1=0.2713 | val/kl2_recall=0.4717 | val/kl2_f1=0.5348 | val/low_grade_min_recall=0.2288 | val/low_grade_min_f1=0.2713 | val/low_grade_worst_class=1.0000 | val/fgbf_low_grade_accuracy=0.5859 | val/fgbf_kl0_precision=0.6205 | val/fgbf_kl0_recall=0.8323 | val/fgbf_kl0_f1=0.7109 | val/fgbf_kl1_precision=0.2857 | val/fgbf_kl1_recall=0.1699 | val/fgbf_kl1_f1=0.2131 | val/fgbf_kl2_precision=0.6605 | val/fgbf_kl2_recall=0.5047 | val/fgbf_kl2_f1=0.5722 | val/fgbf_boundary_KL1_to_KL0=97.0000 | val/fgbf_boundary_KL1_to_KL2=30.0000 | val/score=0.4830
2026-10-09 00:19:24 | INFO     | trainer | Early stopping triggered at epoch 29 (no composite score improvement for 15 epochs; min_epochs=15).
Early stopping at epoch 29
2026-10-09 00:19:25 | INFO     | utils | Checkpoint saved → checkpoints/e8_final.pt
2026-10-09 00:19:25 | INFO     | trainer | Restoring best model checkpoint (best_score=0.5110, val_qwk=0.7793) from checkpoints/e8_best.pt for evaluation...
2026-10-09 00:19:25 | INFO     | utils | Checkpoint loaded ← checkpoints/e8_best.pt  (experiment=e8  epoch=2)
2026-10-09 00:19:25 | INFO     | trainer | Training complete. Generating reports …
2026-10-09 00:19:25 | INFO     | reporting | Results directory: results/e8
2026-10-09 00:19:25 | INFO     | trainer | Collecting val logits …
2026-10-09 00:19:33 | INFO     | trainer | Collecting train logits …
2026-10-09 00:20:23 | INFO     | trainer | Collecting test logits …
2026-10-09 00:20:38 | INFO     | reporting | Generating reports for experiment 'e8' …
2026-10-09 00:20:38 | INFO     | reporting | Saved results/e8/val_confusion_matrix.png
2026-10-09 00:20:38 | INFO     | reporting | Saved results/e8/val_confusion_matrix.csv
2026-10-09 00:20:39 | INFO     | reporting | Saved results/e8/test_confusion_matrix.png
2026-10-09 00:20:39 | INFO     | reporting | Saved results/e8/test_confusion_matrix.csv
2026-10-09 00:20:39 | INFO     | reporting | Saved results/e8/val_fgbf_confusion_matrix.png
2026-10-09 00:20:39 | INFO     | reporting | Saved results/e8/val_fgbf_confusion_matrix.csv
2026-10-09 00:20:39 | INFO     | reporting | Saved results/e8/test_fgbf_confusion_matrix.png
2026-10-09 00:20:39 | INFO     | reporting | Saved results/e8/test_fgbf_confusion_matrix.csv
2026-10-09 00:20:39 | INFO     | reporting | Saved results/e8/classification_report_val.txt
2026-10-09 00:20:39 | INFO     | reporting | Saved results/e8/classification_report_test.txt
2026-10-09 00:20:39 | INFO     | reporting | Saved results/e8/predictions.csv
2026-10-09 00:20:39 | INFO     | reporting | Saved results/e8/metrics.json
2026-10-09 00:20:39 | INFO     | reporting | Saved results/e8/metrics.csv
2026-10-09 00:20:39 | INFO     | reporting | Saved results/e8/plots/loss_curve.png
2026-10-09 00:20:39 | INFO     | reporting | Saved results/e8/plots/accuracy_curve.png
2026-10-09 00:20:39 | INFO     | reporting | Saved results/e8/plots/loss_vs_accuracy.png
2026-10-09 00:20:39 | INFO     | reporting | Saved results/e8/plots/f1_curve.png
2026-10-09 00:20:40 | INFO     | reporting | Saved results/e8/plots/qwk_curve.png
2026-10-09 00:20:40 | INFO     | reporting | Saved results/e8/plots/mae_curve.png
2026-10-09 00:20:40 | INFO     | reporting | Saved results/e8/plots/learning_rate_curve.png
2026-10-09 00:20:40 | INFO     | reporting | ====================================================
2026-10-09 00:20:40 | INFO     | reporting |   FINAL RESULTS
2026-10-09 00:20:40 | INFO     | reporting | ====================================================
2026-10-09 00:20:40 | INFO     | reporting | TRAIN
2026-10-09 00:20:40 | INFO     | reporting |   Overall Accuracy   : 0.6319
2026-10-09 00:20:40 | INFO     | reporting |   Macro Precision    : 0.6332
2026-10-09 00:20:40 | INFO     | reporting |   Macro Recall       : 0.6601
2026-10-09 00:20:40 | INFO     | reporting |   Macro F1           : 0.6438
2026-10-09 00:20:40 | INFO     | reporting |   Weighted Precision : 0.6423
2026-10-09 00:20:40 | INFO     | reporting |   Weighted Recall    : 0.6319
2026-10-09 00:20:40 | INFO     | reporting |   Weighted F1        : 0.6351
2026-10-09 00:20:40 | INFO     | reporting |   MAE                : 0.4377
2026-10-09 00:20:40 | INFO     | reporting |   QWK                : 0.7953
2026-10-09 00:20:40 | INFO     | reporting |   KL0 Recall         : 0.7225
2026-10-09 00:20:40 | INFO     | reporting |   KL1 Recall         : 0.4063
2026-10-09 00:20:40 | INFO     | reporting |   KL1 F1             : 0.3728
2026-10-09 00:20:40 | INFO     | reporting |   KL2 Recall         : 0.5620
2026-10-09 00:20:40 | INFO     | reporting |   Boundary Error Counts:
2026-10-09 00:20:40 | INFO     | reporting |     KL1 -> KL0       : 402
2026-10-09 00:20:40 | INFO     | reporting |     KL1 -> KL2       : 190
2026-10-09 00:20:40 | INFO     | reporting |     KL0 -> KL1       : 501
2026-10-09 00:20:40 | INFO     | reporting |     KL2 -> KL1       : 290
2026-10-09 00:20:40 | INFO     | reporting |   FGBF Diagnostics (Auxiliary Head):
2026-10-09 00:20:40 | INFO     | reporting |     FGBF Low-Grade Acc : 0.6515
2026-10-09 00:20:40 | INFO     | reporting |     KL0 Prec/Rec/F1    : 0.6381 / 0.9050 / 0.7485
2026-10-09 00:20:40 | INFO     | reporting |     KL1 Prec/Rec/F1    : 0.0000 / 0.0000 / 0.0000
2026-10-09 00:20:40 | INFO     | reporting |     KL2 Prec/Rec/F1    : 0.6787 / 0.7190 / 0.6983
2026-10-09 00:20:40 | INFO     | reporting |     FGBF Boundary Errors:
2026-10-09 00:20:40 | INFO     | reporting |       KL1 -> KL0       : 747
2026-10-09 00:20:40 | INFO     | reporting |       KL1 -> KL2       : 299
2026-10-09 00:20:40 | INFO     | reporting |   ------------------------------------------------
2026-10-09 00:20:40 | INFO     | reporting | VALIDATION
2026-10-09 00:20:40 | INFO     | reporting |   Overall Accuracy   : 0.6138
2026-10-09 00:20:40 | INFO     | reporting |   Macro Precision    : 0.6108
2026-10-09 00:20:40 | INFO     | reporting |   Macro Recall       : 0.6288
2026-10-09 00:20:40 | INFO     | reporting |   Macro F1           : 0.6128
2026-10-09 00:20:40 | INFO     | reporting |   Weighted Precision : 0.6228
2026-10-09 00:20:40 | INFO     | reporting |   Weighted Recall    : 0.6138
2026-10-09 00:20:40 | INFO     | reporting |   Weighted F1        : 0.6114
2026-10-09 00:20:40 | INFO     | reporting |   MAE                : 0.4697
2026-10-09 00:20:40 | INFO     | reporting |   QWK                : 0.7793
2026-10-09 00:20:40 | INFO     | reporting |   KL0 Recall         : 0.7774
2026-10-09 00:20:40 | INFO     | reporting |   KL1 Recall         : 0.3725
2026-10-09 00:20:40 | INFO     | reporting |   KL1 F1             : 0.3455
2026-10-09 00:20:40 | INFO     | reporting |   KL2 Recall         : 0.4528
2026-10-09 00:20:40 | INFO     | reporting |   Boundary Error Counts:
2026-10-09 00:20:40 | INFO     | reporting |     KL1 -> KL0       : 73
2026-10-09 00:20:40 | INFO     | reporting |     KL1 -> KL2       : 18
2026-10-09 00:20:40 | INFO     | reporting |     KL0 -> KL1       : 55
2026-10-09 00:20:40 | INFO     | reporting |     KL2 -> KL1       : 60
2026-10-09 00:20:40 | INFO     | reporting |   FGBF Diagnostics (Auxiliary Head):
2026-10-09 00:20:40 | INFO     | reporting |     FGBF Low-Grade Acc : 0.6147
2026-10-09 00:20:40 | INFO     | reporting |     KL0 Prec/Rec/F1    : 0.5870 / 0.9055 / 0.7122
2026-10-09 00:20:40 | INFO     | reporting |     KL1 Prec/Rec/F1    : 0.0000 / 0.0000 / 0.0000
2026-10-09 00:20:40 | INFO     | reporting |     KL2 Prec/Rec/F1    : 0.6898 / 0.6085 / 0.6466
2026-10-09 00:20:40 | INFO     | reporting |     FGBF Boundary Errors:
2026-10-09 00:20:40 | INFO     | reporting |       KL1 -> KL0       : 126
2026-10-09 00:20:40 | INFO     | reporting |       KL1 -> KL2       : 27
2026-10-09 00:20:40 | INFO     | reporting |   ------------------------------------------------
2026-10-09 00:20:40 | INFO     | reporting | TEST
2026-10-09 00:20:40 | INFO     | reporting |   Overall Accuracy   : 0.6292
2026-10-09 00:20:40 | INFO     | reporting |   Macro Precision    : 0.6562
2026-10-09 00:20:40 | INFO     | reporting |   Macro Recall       : 0.6305
2026-10-09 00:20:40 | INFO     | reporting |   Macro F1           : 0.6355
2026-10-09 00:20:40 | INFO     | reporting |   Weighted Precision : 0.6500
2026-10-09 00:20:40 | INFO     | reporting |   Weighted Recall    : 0.6292
2026-10-09 00:20:40 | INFO     | reporting |   Weighted F1        : 0.6298
2026-10-09 00:20:40 | INFO     | reporting |   MAE                : 0.4312
2026-10-09 00:20:40 | INFO     | reporting |   QWK                : 0.8039
2026-10-09 00:20:40 | INFO     | reporting |   KL0 Recall         : 0.7997
2026-10-09 00:20:40 | INFO     | reporting |   KL1 Recall         : 0.4088
2026-10-09 00:20:40 | INFO     | reporting |   KL1 F1             : 0.3559
2026-10-09 00:20:40 | INFO     | reporting |   KL2 Recall         : 0.4519
2026-10-09 00:20:40 | INFO     | reporting |   Boundary Error Counts:
2026-10-09 00:20:40 | INFO     | reporting |     KL1 -> KL0       : 130
2026-10-09 00:20:40 | INFO     | reporting |     KL1 -> KL2       : 43
2026-10-09 00:20:40 | INFO     | reporting |     KL0 -> KL1       : 115
2026-10-09 00:20:40 | INFO     | reporting |     KL2 -> KL1       : 133
2026-10-09 00:20:40 | INFO     | reporting |   FGBF Diagnostics (Auxiliary Head):
2026-10-09 00:20:40 | INFO     | reporting |     FGBF Low-Grade Acc : 0.6346
2026-10-09 00:20:40 | INFO     | reporting |     KL0 Prec/Rec/F1    : 0.6014 / 0.9656 / 0.7411
2026-10-09 00:20:40 | INFO     | reporting |     KL1 Prec/Rec/F1    : 0.0000 / 0.0000 / 0.0000
2026-10-09 00:20:40 | INFO     | reporting |     KL2 Prec/Rec/F1    : 0.7303 / 0.5817 / 0.6476
2026-10-09 00:20:40 | INFO     | reporting |     FGBF Boundary Errors:
2026-10-09 00:20:40 | INFO     | reporting |       KL1 -> KL0       : 222
2026-10-09 00:20:40 | INFO     | reporting |       KL1 -> KL2       : 74
2026-10-09 00:20:40 | INFO     | reporting | ====================================================
2026-10-09 00:20:40 | INFO     | reporting | Ablation summary updated → results/ablation_summary.csv

===== VAL PER-CLASS RESULTS =====
Class      Precision      Recall          F1     Support
KL0           0.7005      0.7774      0.7370         328
KL1           0.3220      0.3725      0.3455         153
KL2           0.6713      0.4528      0.5408         212
KL3           0.7130      0.7264      0.7196         106
KL4           0.6471      0.8148      0.7213          27

KL BOUNDARY ERRORS:
KL0_to_KL1     : 55
KL1_to_KL0     : 73
KL1_to_KL2     : 18
KL2_to_KL1     : 60
KL2_to_KL3     : 20
KL3_to_KL2     : 12

CONFUSION MATRIX:
[[255  55  17   1   0]
 [ 73  57  18   5   0]
 [ 34  60  96  20   2]
 [  2   5  12  77  10]
 [  0   0   0   5  22]]

===== TEST PER-CLASS RESULTS =====
Class      Precision      Recall          F1     Support
KL0           0.7228      0.7997      0.7593         639
KL1           0.3151      0.4088      0.3559         296
KL2           0.7113      0.4519      0.5527         447
KL3           0.7277      0.7668      0.7467         223
KL4           0.8043      0.7255      0.7629          51

KL BOUNDARY ERRORS:
KL0_to_KL1     : 115
KL1_to_KL0     : 130
KL1_to_KL2     : 43
KL2_to_KL1     : 133
KL2_to_KL3     : 47
KL3_to_KL2     : 27

CONFUSION MATRIX:
[[511 115  12   1   0]
 [130 121  43   2   0]
 [ 64 133 202  47   1]
 [  2  15  27 171   8]
 [  0   0   0  14  37]]
===== E8 FINISHED: exit=0 =====
Fri Oct  9 12:21:05 AM IST 2026
